Workbook

Sheet Posouzení PREFIX
A1: Posouzení main carrieru – PREFIX
A2: Datum posouzení:
A3: Kód vady | B3: SSP2 | C3: PMEP | D3: OHN2 | E3: PSKU | F3: PDSP | G3: PLPK | H3: PSNA | I3: LEP | J3: PVZD | K3: PSMK | L3: ZVR | M3: LAB | N3: PKOL | O3: PELC | P3: PDEP | Q3: PNHE | R3: PELC2 | S3: PVZD2 | T3: PSKU2 | U3: PPOS | V3: PDEP2 | W3: OTL | X3: POTL2 | Y3: NRW | Z3: SPF | AA3: DEL | AB3: PDEL | AC3: ZHN | AD3: PSZA | AE3: ZNA | AF3: PLPK2 | AG3: FLEK | AH3: P022 | AI3: PSPC | AJ3: PSKZ | AK3: PSHC | AL3: PSMC | AM3: PSMC2 | AN3: PELS | AO3: PELS2 | AP3: PSGL | AQ3: PDSP2 | AR3: PSPS | AS3: PSAL | AT3: KRSW | AU3: KRSK | AV3: KRSS | AW3: _MES | AX3: _ROK
A4: Popis vady | B4: Spálený spacer | C4: Mechanické poškození | D4: Odřená hrana | E4: Spálená kůže | F4: Deformovaný spacer | G4: Lepidlo pod kůží | H4: Špatný nástřih | I4: Špatně nanesené lepidlo | J4: Vzduch | K4: Šev mimo kanál | L4: Zvrásnění povrchu | M4: Testy laboratoř | N4: Kontaminace lepidlem | O4: Expirované lepidlo na MC | P4: Deformace plastu | Q4: Nefunkční heating | R4: Expirované lepidlo na main carrieru (stroj) | S4: Vzduch (stroj) | T4: Spálená kůže (stroj) | U4: Poškozené šití | V4: Deformace plastu (stroj) | W4: Otlak | X4: Otlak (stroj) | Y4: NOK rework | Z4: Špatný prefix | AA4: Delaminace (hrany) | AB4: Delaminace (plochy) | AC4: Zahranění NOK | AD4: Špatný zaříznutí | AE4: Znečištění od ASQ | AF4: Lepidlo pod kůží (stroj) | AG4: Flek | AH4: Flek (stroj) | AI4: Špatný spacer | AJ4: Špatná kůže | AK4: Špatný heating spacer | AL4: Špatný plastový MC | AM4: Špatný plastový MC (stroj) | AN4: Expirované lepidlo na spaceru | AO4: Expirované lepidlo na spaceru (stroj) | AP4: Špatná gramáž lepidla | AQ4: Deformovaný spacer (stroj) | AR4: Špatný prefix spaceru (otlak, mimo pozici) | AS4: Špatně aktivované lepidlo | AT4: Kragujevac - sewing | AU4: Kragujevac - skin defect | AV4: Kragujevac - short skin | AW4: Měsíc | AX4: Rok
A5: Datum / Part number
A6: 46174 | F6: MY0547099-9Z03 | H6: 3449518-9Y982705260127 | O6: 3449518-9Z032805260042 | AR6: 3449523-9Y52 | AT6: MY0547099-9Y512805260076 | AU6: 3448362-9Y523105260001 | AW6: =IF(A6="","",IF(ISNUMBER(A6),MONTH(A6),IFERROR(VALUE(MID(A6,FIND(".",A6)+1,FIND(".",A6,FIND(".",A6)+1)-FIND(".",A6)-1)),""))) -> 6 | AX6: =IF(A6="","",IF(ISNUMBER(A6),YEAR(A6),IFERROR(VALUE(RIGHT(A6,4)),""))) -> 2026
A7: 46174 | AU7: 3448362-9Y983105260009 | AW7: =IF(A7="","",IF(ISNUMBER(A7),MONTH(A7),IFERROR(VALUE(MID(A7,FIND(".",A7)+1,FIND(".",A7,FIND(".",A7)+1)-FIND(".",A7)-1)),""))) -> 6 | AX7: =IF(A7="","",IF(ISNUMBER(A7),YEAR(A7),IFERROR(VALUE(RIGHT(A7,4)),""))) -> 2026
A8: 46174 | AU8: 3448362-9Y983105260009 | AW8: =IF(A8="","",IF(ISNUMBER(A8),MONTH(A8),IFERROR(VALUE(MID(A8,FIND(".",A8)+1,FIND(".",A8,FIND(".",A8)+1)-FIND(".",A8)-1)),""))) -> 6 | AX8: =IF(A8="","",IF(ISNUMBER(A8),YEAR(A8),IFERROR(VALUE(RIGHT(A8,4)),""))) -> 2026
A9: 46175 | B9: MY0547078-9Z040106260069 | P9: MY0547078-8X820106260086 | Y9: 3449518-9Z040106260128 | Z9: MY0547099-9Z040206260037 | AR9: 3449523-9Y510106260035 | AU9: MY0547099-9Z030206260016 | AV9: 3449523-9Z030106260075 | AW9: =IF(A9="","",IF(ISNUMBER(A9),MONTH(A9),IFERROR(VALUE(MID(A9,FIND(".",A9)+1,FIND(".",A9,FIND(".",A9)+1)-FIND(".",A9)-1)),""))) -> 6 | AX9: =IF(A9="","",IF(ISNUMBER(A9),YEAR(A9),IFERROR(VALUE(RIGHT(A9,4)),""))) -> 2026
A10: 46175 | P10: MY0547078-9E380206260004 | Z10: 3449518-9Z040106260146 | AU10: MY0547099-9Y520106260114 | AV10: 3449518-9Z030106260045 | AW10: =IF(A10="","",IF(ISNUMBER(A10),MONTH(A10),IFERROR(VALUE(MID(A10,FIND(".",A10)+1,FIND(".",A10,FIND(".",A10)+1)-FIND(".",A10)-1)),""))) -> 6 | AX10: =IF(A10="","",IF(ISNUMBER(A10),YEAR(A10),IFERROR(VALUE(RIGHT(A10,4)),""))) -> 2026
A11: 46175 | P11: 3449518-9Y51 | AV11: 3449523-9Y520106260111 | AW11: =IF(A11="","",IF(ISNUMBER(A11),MONTH(A11),IFERROR(VALUE(MID(A11,FIND(".",A11)+1,FIND(".",A11,FIND(".",A11)+1)-FIND(".",A11)-1)),""))) -> 6 | AX11: =IF(A11="","",IF(ISNUMBER(A11),YEAR(A11),IFERROR(VALUE(RIGHT(A11,4)),""))) -> 2026
A12: 46175 | AV12: 3449518-9Z040106260119 | AW12: =IF(A12="","",IF(ISNUMBER(A12),MONTH(A12),IFERROR(VALUE(MID(A12,FIND(".",A12)+1,FIND(".",A12,FIND(".",A12)+1)-FIND(".",A12)-1)),""))) -> 6 | AX12: =IF(A12="","",IF(ISNUMBER(A12),YEAR(A12),IFERROR(VALUE(RIGHT(A12,4)),""))) -> 2026
A13: 46175 | AV13: 3449518-9Z040106260127 | AW13: =IF(A13="","",IF(ISNUMBER(A13),MONTH(A13),IFERROR(VALUE(MID(A13,FIND(".",A13)+1,FIND(".",A13,FIND(".",A13)+1)-FIND(".",A13)-1)),""))) -> 6 | AX13: =IF(A13="","",IF(ISNUMBER(A13),YEAR(A13),IFERROR(VALUE(RIGHT(A13,4)),""))) -> 2026
A14: 46175 | AV14: MY0547099-9Z040206260045 | AW14: =IF(A14="","",IF(ISNUMBER(A14),MONTH(A14),IFERROR(VALUE(MID(A14,FIND(".",A14)+1,FIND(".",A14,FIND(".",A14)+1)-FIND(".",A14)-1)),""))) -> 6 | AX14: =IF(A14="","",IF(ISNUMBER(A14),YEAR(A14),IFERROR(VALUE(RIGHT(A14,4)),""))) -> 2026
A15: 46176 | B15: MY0547099-9Z22 | E15: MY0547078-9Y980206260101 | P15: MY0547078-8X820206260032 | Z15: MY0547099-9E380306260003 | AF15: M3449523-9Z220306260026 | AT15: 3449518-9Y520206260061 | AU15: 3449518-9Y520206260078 | AV15: MY0547099-9E380306260001 | AW15: =IF(A15="","",IF(ISNUMBER(A15),MONTH(A15),IFERROR(VALUE(MID(A15,FIND(".",A15)+1,FIND(".",A15,FIND(".",A15)+1)-FIND(".",A15)-1)),""))) -> 6 | AX15: =IF(A15="","",IF(ISNUMBER(A15),YEAR(A15),IFERROR(VALUE(RIGHT(A15,4)),""))) -> 2026
A16: 46176 | Z16: MY0547078-9Z040206260106 | AT16: 3449518-9Y740206260087 | AU16: MY0547078-9Z040206260105 | AW16: =IF(A16="","",IF(ISNUMBER(A16),MONTH(A16),IFERROR(VALUE(MID(A16,FIND(".",A16)+1,FIND(".",A16,FIND(".",A16)+1)-FIND(".",A16)-1)),""))) -> 6 | AX16: =IF(A16="","",IF(ISNUMBER(A16),YEAR(A16),IFERROR(VALUE(RIGHT(A16,4)),""))) -> 2026
A17: 46176 | AT17: 3449518-9Y510206260162 | AU17: 3449518-9Y510206260156 | AW17: =IF(A17="","",IF(ISNUMBER(A17),MONTH(A17),IFERROR(VALUE(MID(A17,FIND(".",A17)+1,FIND(".",A17,FIND(".",A17)+1)-FIND(".",A17)-1)),""))) -> 6 | AX17: =IF(A17="","",IF(ISNUMBER(A17),YEAR(A17),IFERROR(VALUE(RIGHT(A17,4)),""))) -> 2026
A18: 46176 | AU18: MY0547099-9Z220206260132 | AW18: =IF(A18="","",IF(ISNUMBER(A18),MONTH(A18),IFERROR(VALUE(MID(A18,FIND(".",A18)+1,FIND(".",A18,FIND(".",A18)+1)-FIND(".",A18)-1)),""))) -> 6 | AX18: =IF(A18="","",IF(ISNUMBER(A18),YEAR(A18),IFERROR(VALUE(RIGHT(A18,4)),""))) -> 2026
A19: 46177 | C19: MY0547078-9E380406260020 | F19: MY0547099-9Y510306260132 | J19: MY0547099-9Y510306260145 | Z19: 3448362-9Y980306260010 | AT19: 3448362-9Y980306260007 | AU19: MY0547078-9Y510406260036 | AV19: 3449518-9Y510306260015 | AW19: =IF(A19="","",IF(ISNUMBER(A19),MONTH(A19),IFERROR(VALUE(MID(A19,FIND(".",A19)+1,FIND(".",A19,FIND(".",A19)+1)-FIND(".",A19)-1)),""))) -> 6 | AX19: =IF(A19="","",IF(ISNUMBER(A19),YEAR(A19),IFERROR(VALUE(RIGHT(A19,4)),""))) -> 2026
A20: 46177 | F20: 3449518-9Y520306260028 | AU20: MY0547078-8X820406260026 | AW20: =IF(A20="","",IF(ISNUMBER(A20),MONTH(A20),IFERROR(VALUE(MID(A20,FIND(".",A20)+1,FIND(".",A20,FIND(".",A20)+1)-FIND(".",A20)-1)),""))) -> 6 | AX20: =IF(A20="","",IF(ISNUMBER(A20),YEAR(A20),IFERROR(VALUE(RIGHT(A20,4)),""))) -> 2026
A21: 46177 | AU21: MY0547078-9E380406260019 | AW21: =IF(A21="","",IF(ISNUMBER(A21),MONTH(A21),IFERROR(VALUE(MID(A21,FIND(".",A21)+1,FIND(".",A21,FIND(".",A21)+1)-FIND(".",A21)-1)),""))) -> 6 | AX21: =IF(A21="","",IF(ISNUMBER(A21),YEAR(A21),IFERROR(VALUE(RIGHT(A21,4)),""))) -> 2026
A22: 46177 | AU22: 3448356-9Y520306260010 | AW22: =IF(A22="","",IF(ISNUMBER(A22),MONTH(A22),IFERROR(VALUE(MID(A22,FIND(".",A22)+1,FIND(".",A22,FIND(".",A22)+1)-FIND(".",A22)-1)),""))) -> 6 | AX22: =IF(A22="","",IF(ISNUMBER(A22),YEAR(A22),IFERROR(VALUE(RIGHT(A22,4)),""))) -> 2026
A23: 46177 | AU23: 3449523-9Y520306260067 | AW23: =IF(A23="","",IF(ISNUMBER(A23),MONTH(A23),IFERROR(VALUE(MID(A23,FIND(".",A23)+1,FIND(".",A23,FIND(".",A23)+1)-FIND(".",A23)-1)),""))) -> 6 | AX23: =IF(A23="","",IF(ISNUMBER(A23),YEAR(A23),IFERROR(VALUE(RIGHT(A23,4)),""))) -> 2026
A24: 46177 | AU24: 3449523-9Y520306260101 | AW24: =IF(A24="","",IF(ISNUMBER(A24),MONTH(A24),IFERROR(VALUE(MID(A24,FIND(".",A24)+1,FIND(".",A24,FIND(".",A24)+1)-FIND(".",A24)-1)),""))) -> 6 | AX24: =IF(A24="","",IF(ISNUMBER(A24),YEAR(A24),IFERROR(VALUE(RIGHT(A24,4)),""))) -> 2026
A25: 46177 | AU25: MY0547099-9Y510306260137 | AW25: =IF(A25="","",IF(ISNUMBER(A25),MONTH(A25),IFERROR(VALUE(MID(A25,FIND(".",A25)+1,FIND(".",A25,FIND(".",A25)+1)-FIND(".",A25)-1)),""))) -> 6 | AX25: =IF(A25="","",IF(ISNUMBER(A25),YEAR(A25),IFERROR(VALUE(RIGHT(A25,4)),""))) -> 2026
A26: 46178 | B26: 3449518-9E380506260052 | C26: MY0547099-9Z030406260069 | P26: MY0547078-9Z220506260016 | Z26: MY0547099-9E380406260120 | AR26: 3449518-9Z030406260119 | AT26: MY0547099-9Z220406260100 | AU26: 3449523-9E380406260066 | AV26: 3449518-9Y980406260144 | AW26: =IF(A26="","",IF(ISNUMBER(A26),MONTH(A26),IFERROR(VALUE(MID(A26,FIND(".",A26)+1,FIND(".",A26,FIND(".",A26)+1)-FIND(".",A26)-1)),""))) -> 6 | AX26: =IF(A26="","",IF(ISNUMBER(A26),YEAR(A26),IFERROR(VALUE(RIGHT(A26,4)),""))) -> 2026
A27: 46178 | B27: MY0547078-8X820506260030 | P27: MY0547078-8X820506260019 | Z27: 3449518-9E380506260056 | AT27: 3449523-9Y820506260005 | AU27: 3449523-9Y510406260014 | AV27: 3449523-9Y520406260110 | AW27: =IF(A27="","",IF(ISNUMBER(A27),MONTH(A27),IFERROR(VALUE(MID(A27,FIND(".",A27)+1,FIND(".",A27,FIND(".",A27)+1)-FIND(".",A27)-1)),""))) -> 6 | AX27: =IF(A27="","",IF(ISNUMBER(A27),YEAR(A27),IFERROR(VALUE(RIGHT(A27,4)),""))) -> 2026
A28: 46178 | P28: MY0547078-8X820506260017 | AU28: 3449523-9Y520406260085 | AV28: MY0547099-9Z030406260066 | AW28: =IF(A28="","",IF(ISNUMBER(A28),MONTH(A28),IFERROR(VALUE(MID(A28,FIND(".",A28)+1,FIND(".",A28,FIND(".",A28)+1)-FIND(".",A28)-1)),""))) -> 6 | AX28: =IF(A28="","",IF(ISNUMBER(A28),YEAR(A28),IFERROR(VALUE(RIGHT(A28,4)),""))) -> 2026
A29: 46178 | P29: MY0547099-8X820406260119 | AU29: M3449518-9Z220506260036 | AV29: MY0547099-8X820406260118 | AW29: =IF(A29="","",IF(ISNUMBER(A29),MONTH(A29),IFERROR(VALUE(MID(A29,FIND(".",A29)+1,FIND(".",A29,FIND(".",A29)+1)-FIND(".",A29)-1)),""))) -> 6 | AX29: =IF(A29="","",IF(ISNUMBER(A29),YEAR(A29),IFERROR(VALUE(RIGHT(A29,4)),""))) -> 2026
A30: 46178 | AU30: 3449518-9Z030406260070 | AV30: MY0547099-9E380506260011 | AW30: =IF(A30="","",IF(ISNUMBER(A30),MONTH(A30),IFERROR(VALUE(MID(A30,FIND(".",A30)+1,FIND(".",A30,FIND(".",A30)+1)-FIND(".",A30)-1)),""))) -> 6 | AX30: =IF(A30="","",IF(ISNUMBER(A30),YEAR(A30),IFERROR(VALUE(RIGHT(A30,4)),""))) -> 2026
A31: 46181 | C31: 3449523-9Z030506260047 | Y31: MY0547078-9E380806260037 | Z31: 3449523-9Y530506260004 | AU31: MY0547078-9Y520506260134 | AV31: 3448362-8X820806260001 | AW31: =IF(A31="","",IF(ISNUMBER(A31),MONTH(A31),IFERROR(VALUE(MID(A31,FIND(".",A31)+1,FIND(".",A31,FIND(".",A31)+1)-FIND(".",A31)-1)),""))) -> 6 | AX31: =IF(A31="","",IF(ISNUMBER(A31),YEAR(A31),IFERROR(VALUE(RIGHT(A31,4)),""))) -> 2026
A32: 46181 | Z32: MY0547078-9Y51 | AU32: MY0547099-9E380506260018 | AW32: =IF(A32="","",IF(ISNUMBER(A32),MONTH(A32),IFERROR(VALUE(MID(A32,FIND(".",A32)+1,FIND(".",A32,FIND(".",A32)+1)-FIND(".",A32)-1)),""))) -> 6 | AX32: =IF(A32="","",IF(ISNUMBER(A32),YEAR(A32),IFERROR(VALUE(RIGHT(A32,4)),""))) -> 2026
A33: 46181 | AU33: MY0547099-9Y520506260035 | AW33: =IF(A33="","",IF(ISNUMBER(A33),MONTH(A33),IFERROR(VALUE(MID(A33,FIND(".",A33)+1,FIND(".",A33,FIND(".",A33)+1)-FIND(".",A33)-1)),""))) -> 6 | AX33: =IF(A33="","",IF(ISNUMBER(A33),YEAR(A33),IFERROR(VALUE(RIGHT(A33,4)),""))) -> 2026
A34: 46181 | AU34: MY0547099-9Y820506260051 | AW34: =IF(A34="","",IF(ISNUMBER(A34),MONTH(A34),IFERROR(VALUE(MID(A34,FIND(".",A34)+1,FIND(".",A34,FIND(".",A34)+1)-FIND(".",A34)-1)),""))) -> 6 | AX34: =IF(A34="","",IF(ISNUMBER(A34),YEAR(A34),IFERROR(VALUE(RIGHT(A34,4)),""))) -> 2026
A35: 46181 | AU35: MY0547078-9Y520706260012 | AW35: =IF(A35="","",IF(ISNUMBER(A35),MONTH(A35),IFERROR(VALUE(MID(A35,FIND(".",A35)+1,FIND(".",A35,FIND(".",A35)+1)-FIND(".",A35)-1)),""))) -> 6 | AX35: =IF(A35="","",IF(ISNUMBER(A35),YEAR(A35),IFERROR(VALUE(RIGHT(A35,4)),""))) -> 2026
A36: 46181 | AU36: 3449523-9Z030506260034 | AW36: =IF(A36="","",IF(ISNUMBER(A36),MONTH(A36),IFERROR(VALUE(MID(A36,FIND(".",A36)+1,FIND(".",A36,FIND(".",A36)+1)-FIND(".",A36)-1)),""))) -> 6 | AX36: =IF(A36="","",IF(ISNUMBER(A36),YEAR(A36),IFERROR(VALUE(RIGHT(A36,4)),""))) -> 2026
A37: 46182 | B37: 3449518-9Y980906260017 | C37: 3449523-9Z030506260042 | E37: 3448356-9Y520806260011 | F37: MY0547078-9E380906260011 | Y37: 3448356-9Y520806260021 | Z37: M3449523-9Z230806260146 | AU37: M3449523-9Z230806260076 | AV37: MY0547078-9A840906260006 | AW37: =IF(A37="","",IF(ISNUMBER(A37),MONTH(A37),IFERROR(VALUE(MID(A37,FIND(".",A37)+1,FIND(".",A37,FIND(".",A37)+1)-FIND(".",A37)-1)),""))) -> 6 | AX37: =IF(A37="","",IF(ISNUMBER(A37),YEAR(A37),IFERROR(VALUE(RIGHT(A37,4)),""))) -> 2026
A38: 46182 | B38: 3449518-9Y740806260065 | E38: MY0547099-9Y520806260034 | F38: 3449518-9E380506260108 | AU38: 3449518-9Y740806260102 | AV38: 3449523-8X820806260106 | AW38: =IF(A38="","",IF(ISNUMBER(A38),MONTH(A38),IFERROR(VALUE(MID(A38,FIND(".",A38)+1,FIND(".",A38,FIND(".",A38)+1)-FIND(".",A38)-1)),""))) -> 6 | AX38: =IF(A38="","",IF(ISNUMBER(A38),YEAR(A38),IFERROR(VALUE(RIGHT(A38,4)),""))) -> 2026
A39: 46182 | B39: 3449518-9Y740806260078 | AU39: 3449518-9Y980806260114 | AV39: 3449523-9Y980806260059 | AW39: =IF(A39="","",IF(ISNUMBER(A39),MONTH(A39),IFERROR(VALUE(MID(A39,FIND(".",A39)+1,FIND(".",A39,FIND(".",A39)+1)-FIND(".",A39)-1)),""))) -> 6 | AX39: =IF(A39="","",IF(ISNUMBER(A39),YEAR(A39),IFERROR(VALUE(RIGHT(A39,4)),""))) -> 2026
A40: 46182 | AU40: 3449518-9Y740906260031 | AV40: M3449523-9Z220806260029 | AW40: =IF(A40="","",IF(ISNUMBER(A40),MONTH(A40),IFERROR(VALUE(MID(A40,FIND(".",A40)+1,FIND(".",A40,FIND(".",A40)+1)-FIND(".",A40)-1)),""))) -> 6 | AX40: =IF(A40="","",IF(ISNUMBER(A40),YEAR(A40),IFERROR(VALUE(RIGHT(A40,4)),""))) -> 2026
A41: 46182 | AU41: 3449523-8X820806260109 | AV41: MY0547099-9Z030906260014 | AW41: =IF(A41="","",IF(ISNUMBER(A41),MONTH(A41),IFERROR(VALUE(MID(A41,FIND(".",A41)+1,FIND(".",A41,FIND(".",A41)+1)-FIND(".",A41)-1)),""))) -> 6 | AX41: =IF(A41="","",IF(ISNUMBER(A41),YEAR(A41),IFERROR(VALUE(RIGHT(A41,4)),""))) -> 2026
A42: 46182 | AV42: MY0547099-8X820806260043 | AW42: =IF(A42="","",IF(ISNUMBER(A42),MONTH(A42),IFERROR(VALUE(MID(A42,FIND(".",A42)+1,FIND(".",A42,FIND(".",A42)+1)-FIND(".",A42)-1)),""))) -> 6 | AX42: =IF(A42="","",IF(ISNUMBER(A42),YEAR(A42),IFERROR(VALUE(RIGHT(A42,4)),""))) -> 2026
A43: 46183 | B43: 3449518-9E380906260064 | C43: MY0547078-9Z040906260053 | F43: 3449518-8X820906260098 | G43: MY0547078-9Z040906260112 | J43: 3448362-9Y820806260062 | Y43: MY0547099-8X820906260004 | Z43: MY0547078-9E381006260051 | AF43: MY0547099-9Y520906260119 | AU43: MY0547078-9Y521006260042 | AV43: MY0547078-9Y740906260074 | AW43: =IF(A43="","",IF(ISNUMBER(A43),MONTH(A43),IFERROR(VALUE(MID(A43,FIND(".",A43)+1,FIND(".",A43,FIND(".",A43)+1)-FIND(".",A43)-1)),""))) -> 6 | AX43: =IF(A43="","",IF(ISNUMBER(A43),YEAR(A43),IFERROR(VALUE(RIGHT(A43,4)),""))) -> 2026
A44: 46183 | B44: 3449518-9E380906260058 | C44: 3448362-8X820906260005 | F44: 3449518-9Y980806260125 | Z44: MY0547078-8X820906260068 | AU44: 3449523-9Y510906260083 | AW44: =IF(A44="","",IF(ISNUMBER(A44),MONTH(A44),IFERROR(VALUE(MID(A44,FIND(".",A44)+1,FIND(".",A44,FIND(".",A44)+1)-FIND(".",A44)-1)),""))) -> 6 | AX44: =IF(A44="","",IF(ISNUMBER(A44),YEAR(A44),IFERROR(VALUE(RIGHT(A44,4)),""))) -> 2026
A45: 46183 | B45: 3449518-9E380906260061 | Z45: MY0547078-9Y521006260005 | AU45: 3449518-8X820906260106 | AW45: =IF(A45="","",IF(ISNUMBER(A45),MONTH(A45),IFERROR(VALUE(MID(A45,FIND(".",A45)+1,FIND(".",A45,FIND(".",A45)+1)-FIND(".",A45)-1)),""))) -> 6 | AX45: =IF(A45="","",IF(ISNUMBER(A45),YEAR(A45),IFERROR(VALUE(RIGHT(A45,4)),""))) -> 2026
A46: 46183 | AU46: MY0547099-9Y980906260059 | AW46: =IF(A46="","",IF(ISNUMBER(A46),MONTH(A46),IFERROR(VALUE(MID(A46,FIND(".",A46)+1,FIND(".",A46,FIND(".",A46)+1)-FIND(".",A46)-1)),""))) -> 6 | AX46: =IF(A46="","",IF(ISNUMBER(A46),YEAR(A46),IFERROR(VALUE(RIGHT(A46,4)),""))) -> 2026
A47: 46183 | AU47: MY0547078-9E380906260095 | AW47: =IF(A47="","",IF(ISNUMBER(A47),MONTH(A47),IFERROR(VALUE(MID(A47,FIND(".",A47)+1,FIND(".",A47,FIND(".",A47)+1)-FIND(".",A47)-1)),""))) -> 6 | AX47: =IF(A47="","",IF(ISNUMBER(A47),YEAR(A47),IFERROR(VALUE(RIGHT(A47,4)),""))) -> 2026
A48: 46183 | AU48: MY0547078-9Z040906260052 | AW48: =IF(A48="","",IF(ISNUMBER(A48),MONTH(A48),IFERROR(VALUE(MID(A48,FIND(".",A48)+1,FIND(".",A48,FIND(".",A48)+1)-FIND(".",A48)-1)),""))) -> 6 | AX48: =IF(A48="","",IF(ISNUMBER(A48),YEAR(A48),IFERROR(VALUE(RIGHT(A48,4)),""))) -> 2026
A49: 46183 | AU49: MY0547078-9E380906260089 | AW49: =IF(A49="","",IF(ISNUMBER(A49),MONTH(A49),IFERROR(VALUE(MID(A49,FIND(".",A49)+1,FIND(".",A49,FIND(".",A49)+1)-FIND(".",A49)-1)),""))) -> 6 | AX49: =IF(A49="","",IF(ISNUMBER(A49),YEAR(A49),IFERROR(VALUE(RIGHT(A49,4)),""))) -> 2026
A50: 46183 | AU50: 3449518-9Y511006260004 | AW50: =IF(A50="","",IF(ISNUMBER(A50),MONTH(A50),IFERROR(VALUE(MID(A50,FIND(".",A50)+1,FIND(".",A50,FIND(".",A50)+1)-FIND(".",A50)-1)),""))) -> 6 | AX50: =IF(A50="","",IF(ISNUMBER(A50),YEAR(A50),IFERROR(VALUE(RIGHT(A50,4)),""))) -> 2026
A51: 46183 | AU51: MY0547078-9E381006260052 | AW51: =IF(A51="","",IF(ISNUMBER(A51),MONTH(A51),IFERROR(VALUE(MID(A51,FIND(".",A51)+1,FIND(".",A51,FIND(".",A51)+1)-FIND(".",A51)-1)),""))) -> 6 | AX51: =IF(A51="","",IF(ISNUMBER(A51),YEAR(A51),IFERROR(VALUE(RIGHT(A51,4)),""))) -> 2026
A52: 46184 | B52: 3449518-9Z031006260124 | C52: 3449523-9Y521006260092 | Y52: MY0547099-9Y521006260020 | Z52: 3449518-9Y981006260123 | AI52: 3449523-9Y521006260067 | AP52: MY0547099-9Y981006260060 | AR52: MY0547078-9Y741106260048 | AT52: MY0547078-9E381106260015 | AU52: MY0547099-9Y521006260026 | AW52: =IF(A52="","",IF(ISNUMBER(A52),MONTH(A52),IFERROR(VALUE(MID(A52,FIND(".",A52)+1,FIND(".",A52,FIND(".",A52)+1)-FIND(".",A52)-1)),""))) -> 6 | AX52: =IF(A52="","",IF(ISNUMBER(A52),YEAR(A52),IFERROR(VALUE(RIGHT(A52,4)),""))) -> 2026
A53: 46184 | Y53: MY0547078-9E381006260050 | Z53: 3449523-9Y521006260067 | AR53: 3448356-9Y521006260003 | AU53: MY0547078-9Z041006260103 | AW53: =IF(A53="","",IF(ISNUMBER(A53),MONTH(A53),IFERROR(VALUE(MID(A53,FIND(".",A53)+1,FIND(".",A53,FIND(".",A53)+1)-FIND(".",A53)-1)),""))) -> 6 | AX53: =IF(A53="","",IF(ISNUMBER(A53),YEAR(A53),IFERROR(VALUE(RIGHT(A53,4)),""))) -> 2026
A54: 46184 | AU54: 3449523-9E381006260063 | AW54: =IF(A54="","",IF(ISNUMBER(A54),MONTH(A54),IFERROR(VALUE(MID(A54,FIND(".",A54)+1,FIND(".",A54,FIND(".",A54)+1)-FIND(".",A54)-1)),""))) -> 6 | AX54: =IF(A54="","",IF(ISNUMBER(A54),YEAR(A54),IFERROR(VALUE(RIGHT(A54,4)),""))) -> 2026
A55: 46184 | AU55: MY0547078-9E381106260019 | AW55: =IF(A55="","",IF(ISNUMBER(A55),MONTH(A55),IFERROR(VALUE(MID(A55,FIND(".",A55)+1,FIND(".",A55,FIND(".",A55)+1)-FIND(".",A55)-1)),""))) -> 6 | AX55: =IF(A55="","",IF(ISNUMBER(A55),YEAR(A55),IFERROR(VALUE(RIGHT(A55,4)),""))) -> 2026
A56: 46184 | AU56: MY0547099-9Y981006260058 | AW56: =IF(A56="","",IF(ISNUMBER(A56),MONTH(A56),IFERROR(VALUE(MID(A56,FIND(".",A56)+1,FIND(".",A56,FIND(".",A56)+1)-FIND(".",A56)-1)),""))) -> 6 | AX56: =IF(A56="","",IF(ISNUMBER(A56),YEAR(A56),IFERROR(VALUE(RIGHT(A56,4)),""))) -> 2026
A57: 46184 | AU57: 3449523-9E381006260024 | AW57: =IF(A57="","",IF(ISNUMBER(A57),MONTH(A57),IFERROR(VALUE(MID(A57,FIND(".",A57)+1,FIND(".",A57,FIND(".",A57)+1)-FIND(".",A57)-1)),""))) -> 6 | AX57: =IF(A57="","",IF(ISNUMBER(A57),YEAR(A57),IFERROR(VALUE(RIGHT(A57,4)),""))) -> 2026
A58: 46184 | AU58: MY0547078-9Z041006260108 | AW58: =IF(A58="","",IF(ISNUMBER(A58),MONTH(A58),IFERROR(VALUE(MID(A58,FIND(".",A58)+1,FIND(".",A58,FIND(".",A58)+1)-FIND(".",A58)-1)),""))) -> 6 | AX58: =IF(A58="","",IF(ISNUMBER(A58),YEAR(A58),IFERROR(VALUE(RIGHT(A58,4)),""))) -> 2026
A59: 46184 | AU59: MY0547078-9E381106260002 | AW59: =IF(A59="","",IF(ISNUMBER(A59),MONTH(A59),IFERROR(VALUE(MID(A59,FIND(".",A59)+1,FIND(".",A59,FIND(".",A59)+1)-FIND(".",A59)-1)),""))) -> 6 | AX59: =IF(A59="","",IF(ISNUMBER(A59),YEAR(A59),IFERROR(VALUE(RIGHT(A59,4)),""))) -> 2026
A60: 46184 | AU60: 3449518-9Y981006260121 | AW60: =IF(A60="","",IF(ISNUMBER(A60),MONTH(A60),IFERROR(VALUE(MID(A60,FIND(".",A60)+1,FIND(".",A60,FIND(".",A60)+1)-FIND(".",A60)-1)),""))) -> 6 | AX60: =IF(A60="","",IF(ISNUMBER(A60),YEAR(A60),IFERROR(VALUE(RIGHT(A60,4)),""))) -> 2026
A61: 46185 | B61: 3449518-9Z041106260069 | G61: MY0547099-9Y521006260027 | Y61: MY0547099-9Y981106260036 | Z61: MY0547078-9E381206260031 | AO61: 3449518-9Y521006260057 | AR61: MY0547078-9Z221106260088 | AT61: 3449523-9Y511106260021 | AU61: 3449518-9Y981106260112 | AV61: 3449518-9Y981106260122 | AW61: =IF(A61="","",IF(ISNUMBER(A61),MONTH(A61),IFERROR(VALUE(MID(A61,FIND(".",A61)+1,FIND(".",A61,FIND(".",A61)+1)-FIND(".",A61)-1)),""))) -> 6 | AX61: =IF(A61="","",IF(ISNUMBER(A61),YEAR(A61),IFERROR(VALUE(RIGHT(A61,4)),""))) -> 2026
A62: 46185 | Z62: 3449523-9Y511106260022 | AU62: 3449518-9Y981106260128 | AV62: 3449518-9Y511206260008 | AW62: =IF(A62="","",IF(ISNUMBER(A62),MONTH(A62),IFERROR(VALUE(MID(A62,FIND(".",A62)+1,FIND(".",A62,FIND(".",A62)+1)-FIND(".",A62)-1)),""))) -> 6 | AX62: =IF(A62="","",IF(ISNUMBER(A62),YEAR(A62),IFERROR(VALUE(RIGHT(A62,4)),""))) -> 2026
A63: 46185 | AU63: 3449518-9A841106260134 | AW63: =IF(A63="","",IF(ISNUMBER(A63),MONTH(A63),IFERROR(VALUE(MID(A63,FIND(".",A63)+1,FIND(".",A63,FIND(".",A63)+1)-FIND(".",A63)-1)),""))) -> 6 | AX63: =IF(A63="","",IF(ISNUMBER(A63),YEAR(A63),IFERROR(VALUE(RIGHT(A63,4)),""))) -> 2026
A64: 46185 | AU64: MY0547078-9Y981106260067 | AW64: =IF(A64="","",IF(ISNUMBER(A64),MONTH(A64),IFERROR(VALUE(MID(A64,FIND(".",A64)+1,FIND(".",A64,FIND(".",A64)+1)-FIND(".",A64)-1)),""))) -> 6 | AX64: =IF(A64="","",IF(ISNUMBER(A64),YEAR(A64),IFERROR(VALUE(RIGHT(A64,4)),""))) -> 2026
A65: 46188 | B65: MY0547078-9Z031506260014 | F65: MY0547099-9Y981206260048 | O65: 3449518-9Y741206260148 | Y65: 3448362-9Y741006260021 | Z65: MY0547099-9Y981206260040 | AT65: MY0547078-9Y521506260004 | AU65: 3449518-9Y741206260073 | AV65: 3449523-9E381206260015 | AW65: =IF(A65="","",IF(ISNUMBER(A65),MONTH(A65),IFERROR(VALUE(MID(A65,FIND(".",A65)+1,FIND(".",A65,FIND(".",A65)+1)-FIND(".",A65)-1)),""))) -> 6 | AX65: =IF(A65="","",IF(ISNUMBER(A65),YEAR(A65),IFERROR(VALUE(RIGHT(A65,4)),""))) -> 2026
A66: 46188 | F66: MY0547099-9E381206260017 | Y66: MY0547078-9Y521506260008 | Z66: 3449518-9Z041206260155 | AU66: MY0547078-9E381206260123 | AV66: MY0547099-9Y981106260037 | AW66: =IF(A66="","",IF(ISNUMBER(A66),MONTH(A66),IFERROR(VALUE(MID(A66,FIND(".",A66)+1,FIND(".",A66,FIND(".",A66)+1)-FIND(".",A66)-1)),""))) -> 6 | AX66: =IF(A66="","",IF(ISNUMBER(A66),YEAR(A66),IFERROR(VALUE(RIGHT(A66,4)),""))) -> 2026
A67: 46189 | B67: M3449518-9Z221506260057 | C67: 3449518-8X821506260127 | Z67: MY0547078-9E381506260072 | AT67: 3449518-9Y981606260043 | AU67: 3449518-9Y521506260075 | AV67: MY0547078-9Z031606260045 | AW67: =IF(A67="","",IF(ISNUMBER(A67),MONTH(A67),IFERROR(VALUE(MID(A67,FIND(".",A67)+1,FIND(".",A67,FIND(".",A67)+1)-FIND(".",A67)-1)),""))) -> 6 | AX67: =IF(A67="","",IF(ISNUMBER(A67),YEAR(A67),IFERROR(VALUE(RIGHT(A67,4)),""))) -> 2026
A68: 46189 | B68: MY0547099-9E381506260049 | Z68: 3449518-9Y521506260093 | AT68: 3449518-9Y521506260184 | AU68: MY0547099-8X821506260036 | AV68: MY0547078-9Y52 | AW68: =IF(A68="","",IF(ISNUMBER(A68),MONTH(A68),IFERROR(VALUE(MID(A68,FIND(".",A68)+1,FIND(".",A68,FIND(".",A68)+1)-FIND(".",A68)-1)),""))) -> 6 | AX68: =IF(A68="","",IF(ISNUMBER(A68),YEAR(A68),IFERROR(VALUE(RIGHT(A68,4)),""))) -> 2026
A69: 46189 | Z69: 3449518-9Y521506260086 | AU69: MY0547078-9Y741506260113 | AV69: MY0547099-9Y741506260078 | AW69: =IF(A69="","",IF(ISNUMBER(A69),MONTH(A69),IFERROR(VALUE(MID(A69,FIND(".",A69)+1,FIND(".",A69,FIND(".",A69)+1)-FIND(".",A69)-1)),""))) -> 6 | AX69: =IF(A69="","",IF(ISNUMBER(A69),YEAR(A69),IFERROR(VALUE(RIGHT(A69,4)),""))) -> 2026
A70: 46189 | Z70: MY0547078-9Y981506260108 | AU70: MY0547078-9E381206260115 | AV70: MY0547078-9E381506260115 | AW70: =IF(A70="","",IF(ISNUMBER(A70),MONTH(A70),IFERROR(VALUE(MID(A70,FIND(".",A70)+1,FIND(".",A70,FIND(".",A70)+1)-FIND(".",A70)-1)),""))) -> 6 | AX70: =IF(A70="","",IF(ISNUMBER(A70),YEAR(A70),IFERROR(VALUE(RIGHT(A70,4)),""))) -> 2026
A71: 46189 | AU71: MY0547078-9E381506260068 | AV71: MY0547078-9E381506260076 | AW71: =IF(A71="","",IF(ISNUMBER(A71),MONTH(A71),IFERROR(VALUE(MID(A71,FIND(".",A71)+1,FIND(".",A71,FIND(".",A71)+1)-FIND(".",A71)-1)),""))) -> 6 | AX71: =IF(A71="","",IF(ISNUMBER(A71),YEAR(A71),IFERROR(VALUE(RIGHT(A71,4)),""))) -> 2026
A72: 46189 | AU72: 3449518-9Z041506260197 | AW72: =IF(A72="","",IF(ISNUMBER(A72),MONTH(A72),IFERROR(VALUE(MID(A72,FIND(".",A72)+1,FIND(".",A72,FIND(".",A72)+1)-FIND(".",A72)-1)),""))) -> 6 | AX72: =IF(A72="","",IF(ISNUMBER(A72),YEAR(A72),IFERROR(VALUE(RIGHT(A72,4)),""))) -> 2026
A73: 46190 | B73: MY0547099-9Y981606260129 | F73: MY0547099-9E381606260080 | G73: MY0547078-8X821606260056 | H73: 3449523-9Y521606260084\ | I73: 3449523-9Y981606260122 | Z73: MY0547099-9Y981606260036 | AR73: 3449523-9Z031706260022 | AT73: 3448362-9Y511606260005 | AU73: 3449523-9E381706260004 | AV73: 3449523-9Z031706260021 | AW73: =IF(A73="","",IF(ISNUMBER(A73),MONTH(A73),IFERROR(VALUE(MID(A73,FIND(".",A73)+1,FIND(".",A73,FIND(".",A73)+1)-FIND(".",A73)-1)),""))) -> 6 | AX73: =IF(A73="","",IF(ISNUMBER(A73),YEAR(A73),IFERROR(VALUE(RIGHT(A73,4)),""))) -> 2026
A74: 46190 | B74: 3449523-9E381706260041 | F74: 3449518-9Z031606260136 | Z74: MY0547078-9E381606260067 | AT74: MY0547099-9Y521606260019 | AU74: MY0547099-9E381606260021 | AV74: 3449523-9Z031706260030 | AW74: =IF(A74="","",IF(ISNUMBER(A74),MONTH(A74),IFERROR(VALUE(MID(A74,FIND(".",A74)+1,FIND(".",A74,FIND(".",A74)+1)-FIND(".",A74)-1)),""))) -> 6 | AX74: =IF(A74="","",IF(ISNUMBER(A74),YEAR(A74),IFERROR(VALUE(RIGHT(A74,4)),""))) -> 2026
A75: 46190 | Z75: 3449523-9E381606260043 | AT75: 3449523-9Y981606260024 | AU75: 3448362-9Y981706260018 | AV75: 3449518-9E381606260127 | AW75: =IF(A75="","",IF(ISNUMBER(A75),MONTH(A75),IFERROR(VALUE(MID(A75,FIND(".",A75)+1,FIND(".",A75,FIND(".",A75)+1)-FIND(".",A75)-1)),""))) -> 6 | AX75: =IF(A75="","",IF(ISNUMBER(A75),YEAR(A75),IFERROR(VALUE(RIGHT(A75,4)),""))) -> 2026
A76: 46190 | Z76: MY0547078-9Z04 | AU76: MY0547099-9Z031606260093 | AV76: 3448362-9Y741606260015 | AW76: =IF(A76="","",IF(ISNUMBER(A76),MONTH(A76),IFERROR(VALUE(MID(A76,FIND(".",A76)+1,FIND(".",A76,FIND(".",A76)+1)-FIND(".",A76)-1)),""))) -> 6 | AX76: =IF(A76="","",IF(ISNUMBER(A76),YEAR(A76),IFERROR(VALUE(RIGHT(A76,4)),""))) -> 2026
A77: 46190 | AU77: MY0547099-9Y521606260125 | AV77: MY0547078-9Y741606260120 | AW77: =IF(A77="","",IF(ISNUMBER(A77),MONTH(A77),IFERROR(VALUE(MID(A77,FIND(".",A77)+1,FIND(".",A77,FIND(".",A77)+1)-FIND(".",A77)-1)),""))) -> 6 | AX77: =IF(A77="","",IF(ISNUMBER(A77),YEAR(A77),IFERROR(VALUE(RIGHT(A77,4)),""))) -> 2026
A78: 46190 | AV78: MY0547078-9Y981606260114 | AW78: =IF(A78="","",IF(ISNUMBER(A78),MONTH(A78),IFERROR(VALUE(MID(A78,FIND(".",A78)+1,FIND(".",A78,FIND(".",A78)+1)-FIND(".",A78)-1)),""))) -> 6 | AX78: =IF(A78="","",IF(ISNUMBER(A78),YEAR(A78),IFERROR(VALUE(RIGHT(A78,4)),""))) -> 2026
A79: 46190 | AV79: 3449523-9E381706260005 | AW79: =IF(A79="","",IF(ISNUMBER(A79),MONTH(A79),IFERROR(VALUE(MID(A79,FIND(".",A79)+1,FIND(".",A79,FIND(".",A79)+1)-FIND(".",A79)-1)),""))) -> 6 | AX79: =IF(A79="","",IF(ISNUMBER(A79),YEAR(A79),IFERROR(VALUE(RIGHT(A79,4)),""))) -> 2026
A80: 46191 | V80: MY0547078-8X821806260020 | Y80: 3449523-9Y981706260131 | Z80: 3449518-9Y981706260100 | AT80: MY0547099-9Y511706260079 | AU80: 3449523-9Y981706260142 | AV80: MY0547078-9Y741806260015 | AW80: =IF(A80="","",IF(ISNUMBER(A80),MONTH(A80),IFERROR(VALUE(MID(A80,FIND(".",A80)+1,FIND(".",A80,FIND(".",A80)+1)-FIND(".",A80)-1)),""))) -> 6 | AX80: =IF(A80="","",IF(ISNUMBER(A80),YEAR(A80),IFERROR(VALUE(RIGHT(A80,4)),""))) -> 2026
A81: 46191 | V81: KURL18062602460030****M3449521-GS******* | Z81: MY0547078-9Y521706260025 | AT81: 3449523-9Y981706260160 | AU81: MY0547078-9Y511706260100 | AV81: 3448356-9Y981706260011 | AW81: =IF(A81="","",IF(ISNUMBER(A81),MONTH(A81),IFERROR(VALUE(MID(A81,FIND(".",A81)+1,FIND(".",A81,FIND(".",A81)+1)-FIND(".",A81)-1)),""))) -> 6 | AX81: =IF(A81="","",IF(ISNUMBER(A81),YEAR(A81),IFERROR(VALUE(RIGHT(A81,4)),""))) -> 2026
A82: 46191 | Z82: 3448356-9Y981706260019 | AU82: MY0547099-9E381706260061 | AV82: MY0547078-9E381706260046 | AW82: =IF(A82="","",IF(ISNUMBER(A82),MONTH(A82),IFERROR(VALUE(MID(A82,FIND(".",A82)+1,FIND(".",A82,FIND(".",A82)+1)-FIND(".",A82)-1)),""))) -> 6 | AX82: =IF(A82="","",IF(ISNUMBER(A82),YEAR(A82),IFERROR(VALUE(RIGHT(A82,4)),""))) -> 2026
A83: 46191 | Z83: 3449518-9Y531706260127 | AU83: 3449523-9Y981706260149 | AV83: MY0547078-9E381706260050 | AW83: =IF(A83="","",IF(ISNUMBER(A83),MONTH(A83),IFERROR(VALUE(MID(A83,FIND(".",A83)+1,FIND(".",A83,FIND(".",A83)+1)-FIND(".",A83)-1)),""))) -> 6 | AX83: =IF(A83="","",IF(ISNUMBER(A83),YEAR(A83),IFERROR(VALUE(RIGHT(A83,4)),""))) -> 2026
A84: 46191 | Z84: 3449518-9Y981706260117 | AU84: 3449518-8X821806260012 | AV84: MY0547078-9E381706260054 | AW84: =IF(A84="","",IF(ISNUMBER(A84),MONTH(A84),IFERROR(VALUE(MID(A84,FIND(".",A84)+1,FIND(".",A84,FIND(".",A84)+1)-FIND(".",A84)-1)),""))) -> 6 | AX84: =IF(A84="","",IF(ISNUMBER(A84),YEAR(A84),IFERROR(VALUE(RIGHT(A84,4)),""))) -> 2026
A85: 46191 | Z85: M3448356-9Z221806260006 | AV85: 3449523-9Y521706260128 | AW85: =IF(A85="","",IF(ISNUMBER(A85),MONTH(A85),IFERROR(VALUE(MID(A85,FIND(".",A85)+1,FIND(".",A85,FIND(".",A85)+1)-FIND(".",A85)-1)),""))) -> 6 | AX85: =IF(A85="","",IF(ISNUMBER(A85),YEAR(A85),IFERROR(VALUE(RIGHT(A85,4)),""))) -> 2026
A86: 46191 | Z86: MY0547099-9Z231806260008 | AV86: 3449523-9Y981706260136 | AW86: =IF(A86="","",IF(ISNUMBER(A86),MONTH(A86),IFERROR(VALUE(MID(A86,FIND(".",A86)+1,FIND(".",A86,FIND(".",A86)+1)-FIND(".",A86)-1)),""))) -> 6 | AX86: =IF(A86="","",IF(ISNUMBER(A86),YEAR(A86),IFERROR(VALUE(RIGHT(A86,4)),""))) -> 2026
A87: 46192 | C87: MY0547099-9Z031906260046 | Z87: MY0547078-9Y741706260092 | AQ87: MY0547078-9Y981806260069 | AT87: MY0547078-9Y511806260130 | AU87: MY0547078-9Y981806260076 | AV87: MY0547078-9Y741806260063 | AW87: =IF(A87="","",IF(ISNUMBER(A87),MONTH(A87),IFERROR(VALUE(MID(A87,FIND(".",A87)+1,FIND(".",A87,FIND(".",A87)+1)-FIND(".",A87)-1)),""))) -> 6 | AX87: =IF(A87="","",IF(ISNUMBER(A87),YEAR(A87),IFERROR(VALUE(RIGHT(A87,4)),""))) -> 2026
A88: 46192 | C88: 3449523-9Z041806260136 | Z88: MY0547099-9Z031906260043 | AT88: MY0547078-9Z041806260103 | AU88: 3449523-9Y521706260123 | AW88: =IF(A88="","",IF(ISNUMBER(A88),MONTH(A88),IFERROR(VALUE(MID(A88,FIND(".",A88)+1,FIND(".",A88,FIND(".",A88)+1)-FIND(".",A88)-1)),""))) -> 6 | AX88: =IF(A88="","",IF(ISNUMBER(A88),YEAR(A88),IFERROR(VALUE(RIGHT(A88,4)),""))) -> 2026
A89: 46192 | AU89: MY0547078-9Y511806260126 | AW89: =IF(A89="","",IF(ISNUMBER(A89),MONTH(A89),IFERROR(VALUE(MID(A89,FIND(".",A89)+1,FIND(".",A89,FIND(".",A89)+1)-FIND(".",A89)-1)),""))) -> 6 | AX89: =IF(A89="","",IF(ISNUMBER(A89),YEAR(A89),IFERROR(VALUE(RIGHT(A89,4)),""))) -> 2026
A90: 46195 | B90: MY0547099-9Y511906260094 | Z90: 3449518-9Y981806260089 | AF90: 3448356-9Y521906260016 | AT90: 3449523-9Y521906260142 | AU90: 3448356-9Y522206260024 | AV90: M3449518-9Z232106260010 | AW90: =IF(A90="","",IF(ISNUMBER(A90),MONTH(A90),IFERROR(VALUE(MID(A90,FIND(".",A90)+1,FIND(".",A90,FIND(".",A90)+1)-FIND(".",A90)-1)),""))) -> 6 | AX90: =IF(A90="","",IF(ISNUMBER(A90),YEAR(A90),IFERROR(VALUE(RIGHT(A90,4)),""))) -> 2026
A91: 46195 | Z91: 3449518-9Y981806260089 | AT91: MY0547078-9E381906260076 | AU91: MY0547078-9Y522106260006 | AV91: MY0547099-9Y521906260124 | AW91: =IF(A91="","",IF(ISNUMBER(A91),MONTH(A91),IFERROR(VALUE(MID(A91,FIND(".",A91)+1,FIND(".",A91,FIND(".",A91)+1)-FIND(".",A91)-1)),""))) -> 6 | AX91: =IF(A91="","",IF(ISNUMBER(A91),YEAR(A91),IFERROR(VALUE(RIGHT(A91,4)),""))) -> 2026
A92: 46195 | AT92: MY0547078-9E381906260017 | AU92: M3449518-9Z222206260048 | AW92: =IF(A92="","",IF(ISNUMBER(A92),MONTH(A92),IFERROR(VALUE(MID(A92,FIND(".",A92)+1,FIND(".",A92,FIND(".",A92)+1)-FIND(".",A92)-1)),""))) -> 6 | AX92: =IF(A92="","",IF(ISNUMBER(A92),YEAR(A92),IFERROR(VALUE(RIGHT(A92,4)),""))) -> 2026
A93: 46195 | AU93: MY0547099-9E381906260077 | AW93: =IF(A93="","",IF(ISNUMBER(A93),MONTH(A93),IFERROR(VALUE(MID(A93,FIND(".",A93)+1,FIND(".",A93,FIND(".",A93)+1)-FIND(".",A93)-1)),""))) -> 6 | AX93: =IF(A93="","",IF(ISNUMBER(A93),YEAR(A93),IFERROR(VALUE(RIGHT(A93,4)),""))) -> 2026
A94: 46195 | AU94: MY0547099-9Y521906260108 | AW94: =IF(A94="","",IF(ISNUMBER(A94),MONTH(A94),IFERROR(VALUE(MID(A94,FIND(".",A94)+1,FIND(".",A94,FIND(".",A94)+1)-FIND(".",A94)-1)),""))) -> 6 | AX94: =IF(A94="","",IF(ISNUMBER(A94),YEAR(A94),IFERROR(VALUE(RIGHT(A94,4)),""))) -> 2026
A95: 46195 | AU95: 3449518-9E381906260096 | AW95: =IF(A95="","",IF(ISNUMBER(A95),MONTH(A95),IFERROR(VALUE(MID(A95,FIND(".",A95)+1,FIND(".",A95,FIND(".",A95)+1)-FIND(".",A95)-1)),""))) -> 6 | AX95: =IF(A95="","",IF(ISNUMBER(A95),YEAR(A95),IFERROR(VALUE(RIGHT(A95,4)),""))) -> 2026
A96: 46195 | AU96: 3449523-9Z031906260136 | AW96: =IF(A96="","",IF(ISNUMBER(A96),MONTH(A96),IFERROR(VALUE(MID(A96,FIND(".",A96)+1,FIND(".",A96,FIND(".",A96)+1)-FIND(".",A96)-1)),""))) -> 6 | AX96: =IF(A96="","",IF(ISNUMBER(A96),YEAR(A96),IFERROR(VALUE(RIGHT(A96,4)),""))) -> 2026
A97: 46195 | AU97: MY0547078-8X821906260071 | AW97: =IF(A97="","",IF(ISNUMBER(A97),MONTH(A97),IFERROR(VALUE(MID(A97,FIND(".",A97)+1,FIND(".",A97,FIND(".",A97)+1)-FIND(".",A97)-1)),""))) -> 6 | AX97: =IF(A97="","",IF(ISNUMBER(A97),YEAR(A97),IFERROR(VALUE(RIGHT(A97,4)),""))) -> 2026
A98: 46196 | B98: MY0547099-9Y512206260058 | C98: 3449518-9Y512206260115 | E98: MY0547078-9A842206260002 | G98: 3448356-9Y982206260032 | Y98: 3448362-9Y982206260006 | AF98: MY0547078-9E382306260045 | AU98: 3449518-9Y982206260137 | AV98: MY0547078-9Z042206260066 | AW98: =IF(A98="","",IF(ISNUMBER(A98),MONTH(A98),IFERROR(VALUE(MID(A98,FIND(".",A98)+1,FIND(".",A98,FIND(".",A98)+1)-FIND(".",A98)-1)),""))) -> 6 | AX98: =IF(A98="","",IF(ISNUMBER(A98),YEAR(A98),IFERROR(VALUE(RIGHT(A98,4)),""))) -> 2026
A99: 46196 | Y99: 3449518-9Z042306260047 | AW99: =IF(A99="","",IF(ISNUMBER(A99),MONTH(A99),IFERROR(VALUE(MID(A99,FIND(".",A99)+1,FIND(".",A99,FIND(".",A99)+1)-FIND(".",A99)-1)),""))) -> 6 | AX99: =IF(A99="","",IF(ISNUMBER(A99),YEAR(A99),IFERROR(VALUE(RIGHT(A99,4)),""))) -> 2026
A100: 46197 | B100: 3449523-9Y982306260041 | C100: MY0547078-9E382306260124 | H100: MY0547099-9E382306260025 | Y100: MY0547078-9Z222306260082 | Z100: MY0547078-9E382306260132 | AU100: 3449523-9Y982306260138 | AV100: MY0547078-9E382306260136 | AW100: =IF(A100="","",IF(ISNUMBER(A100),MONTH(A100),IFERROR(VALUE(MID(A100,FIND(".",A100)+1,FIND(".",A100,FIND(".",A100)+1)-FIND(".",A100)-1)),""))) -> 6 | AX100: =IF(A100="","",IF(ISNUMBER(A100),YEAR(A100),IFERROR(VALUE(RIGHT(A100,4)),""))) -> 2026
...

Sheet Posouzení SKLAD
A1: Posouzení main carrieru – SKLAD
A2: Datum posouzení:
A3: Kód vady | B3: SSP2 | C3: PMEP | D3: OHN2+D3 | E3: PSKU | F3: PDSP | G3: PSNA | H3: LEP | I3: PVZD | J3: PSMK | K3: ZVR | L3: LAB | M3: PKOL | N3: PELC | O3: PDEP | P3: PNHE | Q3: PELC2 | R3: PELC2 | S3: PSKU2 | T3: PPOS | U3: PDSP2 | V3: OTL | W3: NRW | X3: SPF | Y3: POTL2 | Z3: DEL | AA3: PDEL | AB3: ZHN | AC3: PSNA | AD3: ZNA | AE3: PLPK2 | AF3: FLEK | AG3: P022 | AH3: PSPC | AI3: PSKZ | AJ3: PSHC | AK3: PSMC | AL3: PSMC2 | AM3: PELS | AN3: PELS2 | AO3: PSGL | AP3: PDSP2 | AQ3: PSPS | AR3: PSAL | AS3: PSNA | AT3: PLPK | AU3: KRSW | AV3: KRSK | AW3: KRSS | AX3: _MES | AY3: _ROK
A4: Popis vady | B4: Spálený spacer | C4: Mechanické poškození | D4: Odřená hrana | E4: Spálená kůže | F4: Deformovaný spacer | G4: Špatný nástřih | H4: Špatně nanesené lepidlo | I4: Vzduch | J4: Šev mimo kanál | K4: Zvrásnění povrchu | L4: Testy laboratoř | M4: Kontaminace lepidlem | N4: Expirované lepidlo na MC | O4: Deformace plastu | P4: Nefunkční heating | Q4: Expirované lepidlo na main carrieru (stroj) | R4: Expirované lepidlo na main carrieru (stroj) | S4: Spálená kůže (stroj) | T4: Poškozené šití | U4: Deformace plastu (stroj) | V4: Otlak | W4: NOK rework | X4: Špatný prefix | Y4: Otlak (stroj) | Z4: Delaminace (hrany) | AA4: Delaminace (plochy) | AB4: Zahranění NOK | AC4: Špatný zaříznutí | AD4: Znečištění od ASQ | AE4: Lepidlo pod kůží (stroj) | AF4: Flek | AG4: Flek (stroj) | AH4: Špatný spacer | AI4: Špatná kůže | AJ4: Špatný heating spacer | AK4: Špatný plastový MC | AL4: Špatný plastový MC (stroj) | AM4: Expirované lepidlo na spaceru | AN4: Expirované lepidlo na spaceru (stroj) | AO4: Špatná gramáž lepidla | AP4: Deformovaný spacer (stroj) | AQ4: spatny prefix spaceru | AR4: Špatně aktivované lepidlo | AS4: Špatný zaříznutí | AT4: Lepidlo pod kuzi | AU4: Kragujevac - sewing | AV4: Kragujevac - skin defect | AW4: Kragujevac - short skin | AX4: Měsíc | AY4: Rok | AZ4: \loose leather
A5: Datum / Part number
A6: 46174 | F6: 3449518-9Y522605260012 | I6: 3449518-9Z032505260080 | X6: MY0547099-9Y512505260073 | AQ6: MY0547078-8X822505260145 | AS6: 3449518-9E382505260095 | AT6: 3448362-9Y522605260032 | AU6: MY0547078-9Y522605260058 | AV6: 3448362-9Y742605260039 | AX6: =IF(A6="","",IF(ISNUMBER(A6),MONTH(A6),IFERROR(VALUE(MID(A6,FIND(".",A6)+1,FIND(".",A6,FIND(".",A6)+1)-FIND(".",A6)-1)),""))) -> 6 | AY6: =IF(A6="","",IF(ISNUMBER(A6),YEAR(A6),IFERROR(VALUE(RIGHT(A6,4)),""))) -> 2026
A7: 46174 | E7: MY0547078-9Y980406260073 | F7: MY0547078-9Z032505260092 | I7: MY0547078-9Y982505260117 | X7: 3449518-9E382505260099 | AV7: MY0547078-9Y522605260067 | AX7: =IF(A7="","",IF(ISNUMBER(A7),MONTH(A7),IFERROR(VALUE(MID(A7,FIND(".",A7)+1,FIND(".",A7,FIND(".",A7)+1)-FIND(".",A7)-1)),""))) -> 6 | AY7: =IF(A7="","",IF(ISNUMBER(A7),YEAR(A7),IFERROR(VALUE(RIGHT(A7,4)),""))) -> 2026
A8: 46174 | F8: MY0547099-9Z032505260032 | AX8: =IF(A8="","",IF(ISNUMBER(A8),MONTH(A8),IFERROR(VALUE(MID(A8,FIND(".",A8)+1,FIND(".",A8,FIND(".",A8)+1)-FIND(".",A8)-1)),""))) -> 6 | AY8: =IF(A8="","",IF(ISNUMBER(A8),YEAR(A8),IFERROR(VALUE(RIGHT(A8,4)),""))) -> 2026
A9: 46175 | B9: 3449518-9Y512705260114 | F9: 3449518-8X822705260065 | O9: MY0547099-9Z232705260150 | X9: 3448356-9Y982705260012 | AF9: MY0547099-9Y512705260023 | AS9: MY0547099-8X822605260027 | AV9: 3449523-9Z042605260024 | AW9: MY0547099-9E382705260101 | AX9: =IF(A9="","",IF(ISNUMBER(A9),MONTH(A9),IFERROR(VALUE(MID(A9,FIND(".",A9)+1,FIND(".",A9,FIND(".",A9)+1)-FIND(".",A9)-1)),""))) -> 6 | AY9: =IF(A9="","",IF(ISNUMBER(A9),YEAR(A9),IFERROR(VALUE(RIGHT(A9,4)),""))) -> 2026
A10: 46175 | F10: MY0547099-9Y982705260060 | AV10: 3448362-9Y981905260032 | AX10: =IF(A10="","",IF(ISNUMBER(A10),MONTH(A10),IFERROR(VALUE(MID(A10,FIND(".",A10)+1,FIND(".",A10,FIND(".",A10)+1)-FIND(".",A10)-1)),""))) -> 6 | AY10: =IF(A10="","",IF(ISNUMBER(A10),YEAR(A10),IFERROR(VALUE(RIGHT(A10,4)),""))) -> 2026
A11: 46175 | AV11: 3448362-9Y982605260001 | AX11: =IF(A11="","",IF(ISNUMBER(A11),MONTH(A11),IFERROR(VALUE(MID(A11,FIND(".",A11)+1,FIND(".",A11,FIND(".",A11)+1)-FIND(".",A11)-1)),""))) -> 6 | AY11: =IF(A11="","",IF(ISNUMBER(A11),YEAR(A11),IFERROR(VALUE(RIGHT(A11,4)),""))) -> 2026
A12: 46175 | AV12: MY0547078-8X822605260010 | AX12: =IF(A12="","",IF(ISNUMBER(A12),MONTH(A12),IFERROR(VALUE(MID(A12,FIND(".",A12)+1,FIND(".",A12,FIND(".",A12)+1)-FIND(".",A12)-1)),""))) -> 6 | AY12: =IF(A12="","",IF(ISNUMBER(A12),YEAR(A12),IFERROR(VALUE(RIGHT(A12,4)),""))) -> 2026
A13: 46175 | AV13: 3449518-9Y512705260106 | AX13: =IF(A13="","",IF(ISNUMBER(A13),MONTH(A13),IFERROR(VALUE(MID(A13,FIND(".",A13)+1,FIND(".",A13,FIND(".",A13)+1)-FIND(".",A13)-1)),""))) -> 6 | AY13: =IF(A13="","",IF(ISNUMBER(A13),YEAR(A13),IFERROR(VALUE(RIGHT(A13,4)),""))) -> 2026
A14: 46176 | F14: MY0547078-9Z042805260026 | X14: MY0547099-9Z222805260066 | AQ14: MY0547078-9E382705260077 | AU14: MY0547099-9Z222805260073 | AV14: MY0547099-9Z042805260055 | AW14: 3449523-8X822805260151 | AX14: =IF(A14="","",IF(ISNUMBER(A14),MONTH(A14),IFERROR(VALUE(MID(A14,FIND(".",A14)+1,FIND(".",A14,FIND(".",A14)+1)-FIND(".",A14)-1)),""))) -> 6 | AY14: =IF(A14="","",IF(ISNUMBER(A14),YEAR(A14),IFERROR(VALUE(RIGHT(A14,4)),""))) -> 2026
A15: 46176 | AQ15: MY0547099-9Y512805260105 | AX15: =IF(A15="","",IF(ISNUMBER(A15),MONTH(A15),IFERROR(VALUE(MID(A15,FIND(".",A15)+1,FIND(".",A15,FIND(".",A15)+1)-FIND(".",A15)-1)),""))) -> 6 | AY15: =IF(A15="","",IF(ISNUMBER(A15),YEAR(A15),IFERROR(VALUE(RIGHT(A15,4)),""))) -> 2026
A16: 46177 | C16: MY0547099-9E382805260034 | F16: MY0547078-9A842805260029 | I16: MY0547078-9Z032805260016 | X16: MY0547078-8X822805260043 | AQ16: MY0547099-9Z030106260064 | AU16: MY0547078-9Z042605260093 | AX16: =IF(A16="","",IF(ISNUMBER(A16),MONTH(A16),IFERROR(VALUE(MID(A16,FIND(".",A16)+1,FIND(".",A16,FIND(".",A16)+1)-FIND(".",A16)-1)),""))) -> 6 | AY16: =IF(A16="","",IF(ISNUMBER(A16),YEAR(A16),IFERROR(VALUE(RIGHT(A16,4)),""))) -> 2026
A17: 46177 | F17: MY0547078-9A842805260032 | I17: MY0547078-9Y742805260076 | AU17: MY0547099-9Y510106260092 | AX17: =IF(A17="","",IF(ISNUMBER(A17),MONTH(A17),IFERROR(VALUE(MID(A17,FIND(".",A17)+1,FIND(".",A17,FIND(".",A17)+1)-FIND(".",A17)-1)),""))) -> 6 | AY17: =IF(A17="","",IF(ISNUMBER(A17),YEAR(A17),IFERROR(VALUE(RIGHT(A17,4)),""))) -> 2026
A18: 46177 | F18: 3449518-9Z032805260043 | AU18: 3449518-9Z032805260074 | AX18: =IF(A18="","",IF(ISNUMBER(A18),MONTH(A18),IFERROR(VALUE(MID(A18,FIND(".",A18)+1,FIND(".",A18,FIND(".",A18)+1)-FIND(".",A18)-1)),""))) -> 6 | AY18: =IF(A18="","",IF(ISNUMBER(A18),YEAR(A18),IFERROR(VALUE(RIGHT(A18,4)),""))) -> 2026
A19: 46178 | F19: MY0547099-9Z040206260041 | I19: MY0547078-8X822805260068 | O19: MY0547099-9Z030106260056 | X19: M3448362-9Z220106260008 | AT19: 3449523-9Y980106260052 | AU19: 3449523-8X823105260008 | AW19: MY0547078-9Z030206260050 | AX19: =IF(A19="","",IF(ISNUMBER(A19),MONTH(A19),IFERROR(VALUE(MID(A19,FIND(".",A19)+1,FIND(".",A19,FIND(".",A19)+1)-FIND(".",A19)-1)),""))) -> 6 | AY19: =IF(A19="","",IF(ISNUMBER(A19),YEAR(A19),IFERROR(VALUE(RIGHT(A19,4)),""))) -> 2026
A20: 46178 | I20: MY0547099-9Z040206260038 | AU20: MY0547078-9Z040106260018 | AX20: =IF(A20="","",IF(ISNUMBER(A20),MONTH(A20),IFERROR(VALUE(MID(A20,FIND(".",A20)+1,FIND(".",A20,FIND(".",A20)+1)-FIND(".",A20)-1)),""))) -> 6 | AY20: =IF(A20="","",IF(ISNUMBER(A20),YEAR(A20),IFERROR(VALUE(RIGHT(A20,4)),""))) -> 2026
A21: 46181 | I21: MY0547078-8X820206260036 | W21: 3449523-9Z040206260010 | AQ21: MY0547099-9Z040206260125 | AV21: 3449523-9E380406260070 | AW21: 3448362-9Y520306260031 | AX21: =IF(A21="","",IF(ISNUMBER(A21),MONTH(A21),IFERROR(VALUE(MID(A21,FIND(".",A21)+1,FIND(".",A21,FIND(".",A21)+1)-FIND(".",A21)-1)),""))) -> 6 | AY21: =IF(A21="","",IF(ISNUMBER(A21),YEAR(A21),IFERROR(VALUE(RIGHT(A21,4)),""))) -> 2026
A22: 46181 | I22: MY0547099-9Y510106260101 | AX22: =IF(A22="","",IF(ISNUMBER(A22),MONTH(A22),IFERROR(VALUE(MID(A22,FIND(".",A22)+1,FIND(".",A22,FIND(".",A22)+1)-FIND(".",A22)-1)),""))) -> 6 | AY22: =IF(A22="","",IF(ISNUMBER(A22),YEAR(A22),IFERROR(VALUE(RIGHT(A22,4)),""))) -> 2026
A23: 46182 | C23: 3449523-9Y510206260135 | F23: MY0547078-9Z032705260052 | I23: MY0547099-9Z030406260060 | W23: MY0547078-9Y980206260102 | X23: MY0547078-9Z030306260039 | AU23: MY0547099-9Y980406260033 | AV23: 3449523-9Y980306260186 | AW23: 3449523-9Y510306260014 | AX23: =IF(A23="","",IF(ISNUMBER(A23),MONTH(A23),IFERROR(VALUE(MID(A23,FIND(".",A23)+1,FIND(".",A23,FIND(".",A23)+1)-FIND(".",A23)-1)),""))) -> 6 | AY23: =IF(A23="","",IF(ISNUMBER(A23),YEAR(A23),IFERROR(VALUE(RIGHT(A23,4)),""))) -> 2026
A24: 46182 | F24: 3449518-9Y520306260042 | I24: MY0547099-9Z220306260039 | W24: 3449518-9Y510206260169 | AU24: MY0547078-9Z030406260101 | AV24: 3449523-9Y510406260024 | AW24: 3449523-9Y510206260143 | AX24: =IF(A24="","",IF(ISNUMBER(A24),MONTH(A24),IFERROR(VALUE(MID(A24,FIND(".",A24)+1,FIND(".",A24,FIND(".",A24)+1)-FIND(".",A24)-1)),""))) -> 6 | AY24: =IF(A24="","",IF(ISNUMBER(A24),YEAR(A24),IFERROR(VALUE(RIGHT(A24,4)),""))) -> 2026
A25: 46182 | F25: MY0547078-9Y980406260073 | I25: MY0547099-8X820106260086 | AU25: MY0547099-9Y512805260079 | AV25: 3449523-9E380406260076 | AX25: =IF(A25="","",IF(ISNUMBER(A25),MONTH(A25),IFERROR(VALUE(MID(A25,FIND(".",A25)+1,FIND(".",A25,FIND(".",A25)+1)-FIND(".",A25)-1)),""))) -> 6 | AY25: =IF(A25="","",IF(ISNUMBER(A25),YEAR(A25),IFERROR(VALUE(RIGHT(A25,4)),""))) -> 2026
A26: 46183 | C26: 3449518-9Y980306260086 | F26: MY0547099-9Y740506260047 | I26: 3448362-9A842101260023 | W26: MY0547099-9Z030106260063 | X26: MY0547078-9Y510406260051 | AC26: MY0547078-8X820506260049 | AQ26: 3449518-9Y510506260128 | AU26: MY0547078-9Y510506260078 | AV26: MY0547099-9Z220406260101 | AW26: 3449523-9Y530406260130 | AX26: =IF(A26="","",IF(ISNUMBER(A26),MONTH(A26),IFERROR(VALUE(MID(A26,FIND(".",A26)+1,FIND(".",A26,FIND(".",A26)+1)-FIND(".",A26)-1)),""))) -> 6 | AY26: =IF(A26="","",IF(ISNUMBER(A26),YEAR(A26),IFERROR(VALUE(RIGHT(A26,4)),""))) -> 2026
A27: 46183 | F27: MY0547078-9Y520506260119 | AQ27: 3449518-9Y510506260126 | AU27: 3449518-9E380506260001 | AV27: 3449518-9Z040506260014 | AX27: =IF(A27="","",IF(ISNUMBER(A27),MONTH(A27),IFERROR(VALUE(MID(A27,FIND(".",A27)+1,FIND(".",A27,FIND(".",A27)+1)-FIND(".",A27)-1)),""))) -> 6 | AY27: =IF(A27="","",IF(ISNUMBER(A27),YEAR(A27),IFERROR(VALUE(RIGHT(A27,4)),""))) -> 2026
A28: 46183 | F28: 3449518-9Y510506260120 | AQ28: 3449518-9E380506260076 | AV28: MY0547099-9Y522805260131 | AX28: =IF(A28="","",IF(ISNUMBER(A28),MONTH(A28),IFERROR(VALUE(MID(A28,FIND(".",A28)+1,FIND(".",A28,FIND(".",A28)+1)-FIND(".",A28)-1)),""))) -> 6 | AY28: =IF(A28="","",IF(ISNUMBER(A28),YEAR(A28),IFERROR(VALUE(RIGHT(A28,4)),""))) -> 2026
A29: 46183 | F29: MY0547078-9Z030406260098 | AQ29: 3449518-9E380506260076 | AX29: =IF(A29="","",IF(ISNUMBER(A29),MONTH(A29),IFERROR(VALUE(MID(A29,FIND(".",A29)+1,FIND(".",A29,FIND(".",A29)+1)-FIND(".",A29)-1)),""))) -> 6 | AY29: =IF(A29="","",IF(ISNUMBER(A29),YEAR(A29),IFERROR(VALUE(RIGHT(A29,4)),""))) -> 2026
A30: 46183 | F30: 3449518-9E380406260134 | AX30: =IF(A30="","",IF(ISNUMBER(A30),MONTH(A30),IFERROR(VALUE(MID(A30,FIND(".",A30)+1,FIND(".",A30,FIND(".",A30)+1)-FIND(".",A30)-1)),""))) -> 6 | AY30: =IF(A30="","",IF(ISNUMBER(A30),YEAR(A30),IFERROR(VALUE(RIGHT(A30,4)),""))) -> 2026
A31: 46183 | F31: MY0547078-9Y510406260040 | AX31: =IF(A31="","",IF(ISNUMBER(A31),MONTH(A31),IFERROR(VALUE(MID(A31,FIND(".",A31)+1,FIND(".",A31,FIND(".",A31)+1)-FIND(".",A31)-1)),""))) -> 6 | AY31: =IF(A31="","",IF(ISNUMBER(A31),YEAR(A31),IFERROR(VALUE(RIGHT(A31,4)),""))) -> 2026
A32: 46184 | B32: MY0547078-9Y520706260008 | F32: MY0547078-8X820506260070 | I32: 3449523-9Y520106260100 | W32: 3449518-9E380506260105 | AU32: MY0547078-8X820506260051 | AX32: =IF(A32="","",IF(ISNUMBER(A32),MONTH(A32),IFERROR(VALUE(MID(A32,FIND(".",A32)+1,FIND(".",A32,FIND(".",A32)+1)-FIND(".",A32)-1)),""))) -> 6 | AY32: =IF(A32="","",IF(ISNUMBER(A32),YEAR(A32),IFERROR(VALUE(RIGHT(A32,4)),""))) -> 2026
A33: 46184 | F33: 3448362-8X820106260017 | AX33: =IF(A33="","",IF(ISNUMBER(A33),MONTH(A33),IFERROR(VALUE(MID(A33,FIND(".",A33)+1,FIND(".",A33,FIND(".",A33)+1)-FIND(".",A33)-1)),""))) -> 6 | AY33: =IF(A33="","",IF(ISNUMBER(A33),YEAR(A33),IFERROR(VALUE(RIGHT(A33,4)),""))) -> 2026
A34: 46184 | F34: 3449523-9E380406260058 | AX34: =IF(A34="","",IF(ISNUMBER(A34),MONTH(A34),IFERROR(VALUE(MID(A34,FIND(".",A34)+1,FIND(".",A34,FIND(".",A34)+1)-FIND(".",A34)-1)),""))) -> 6 | AY34: =IF(A34="","",IF(ISNUMBER(A34),YEAR(A34),IFERROR(VALUE(RIGHT(A34,4)),""))) -> 2026
A35: 46184 | F35: 3449523-9Z042805260059 | AX35: =IF(A35="","",IF(ISNUMBER(A35),MONTH(A35),IFERROR(VALUE(MID(A35,FIND(".",A35)+1,FIND(".",A35,FIND(".",A35)+1)-FIND(".",A35)-1)),""))) -> 6 | AY35: =IF(A35="","",IF(ISNUMBER(A35),YEAR(A35),IFERROR(VALUE(RIGHT(A35,4)),""))) -> 2026
A36: 46185 | E36: MY0547099-9E380806260008 | F36: MY0547099-8X820906260007 | X36: MY0547099-9Y510906260099 | AC36: 3448362-9Y520806260038 | AQ36: MY0547099-9E380806260016 | AX36: =IF(A36="","",IF(ISNUMBER(A36),MONTH(A36),IFERROR(VALUE(MID(A36,FIND(".",A36)+1,FIND(".",A36,FIND(".",A36)+1)-FIND(".",A36)-1)),""))) -> 6 | AY36: =IF(A36="","",IF(ISNUMBER(A36),YEAR(A36),IFERROR(VALUE(RIGHT(A36,4)),""))) -> 2026
A37: 46185 | X37: MY0547099-8X820906260081 | AX37: =IF(A37="","",IF(ISNUMBER(A37),MONTH(A37),IFERROR(VALUE(MID(A37,FIND(".",A37)+1,FIND(".",A37,FIND(".",A37)+1)-FIND(".",A37)-1)),""))) -> 6 | AY37: =IF(A37="","",IF(ISNUMBER(A37),YEAR(A37),IFERROR(VALUE(RIGHT(A37,4)),""))) -> 2026
A38: 46185 | X38: MY0547078-9Y741106260050 | AX38: =IF(A38="","",IF(ISNUMBER(A38),MONTH(A38),IFERROR(VALUE(MID(A38,FIND(".",A38)+1,FIND(".",A38,FIND(".",A38)+1)-FIND(".",A38)-1)),""))) -> 6 | AY38: =IF(A38="","",IF(ISNUMBER(A38),YEAR(A38),IFERROR(VALUE(RIGHT(A38,4)),""))) -> 2026
A39: 46188 | B39: MY0547078-9Y741106260036 | F39: MY0547078-9Y520906260104 | H39: MY0547099-9Y511006260040 | W39: MY0547099-9Y980906260048 | X39: 3449518-9Y980806260139 | AQ39: MY0547078-9Y520906260104 | AU39: MY0547078-9E380906260086 | AX39: =IF(A39="","",IF(ISNUMBER(A39),MONTH(A39),IFERROR(VALUE(MID(A39,FIND(".",A39)+1,FIND(".",A39,FIND(".",A39)+1)-FIND(".",A39)-1)),""))) -> 6 | AY39: =IF(A39="","",IF(ISNUMBER(A39),YEAR(A39),IFERROR(VALUE(RIGHT(A39,4)),""))) -> 2026 | AZ39: MY0547078-9Y742605260072
A40: 46188 | AQ40: MY0547078-9E381206260122 | AX40: =IF(A40="","",IF(ISNUMBER(A40),MONTH(A40),IFERROR(VALUE(MID(A40,FIND(".",A40)+1,FIND(".",A40,FIND(".",A40)+1)-FIND(".",A40)-1)),""))) -> 6 | AY40: =IF(A40="","",IF(ISNUMBER(A40),YEAR(A40),IFERROR(VALUE(RIGHT(A40,4)),""))) -> 2026
A41: 46189 | F41: MY0547099-9Z041106260025 | H41: 3449523-9Z030906260106 | X41: MY0547078-9Y521006260094 | AQ41: MY0547099-9Z041106260027 | AU41: MY0547078-9Z221006260017 | AV41: 3449518-9Z041106260074 | AX41: =IF(A41="","",IF(ISNUMBER(A41),MONTH(A41),IFERROR(VALUE(MID(A41,FIND(".",A41)+1,FIND(".",A41,FIND(".",A41)+1)-FIND(".",A41)-1)),""))) -> 6 | AY41: =IF(A41="","",IF(ISNUMBER(A41),YEAR(A41),IFERROR(VALUE(RIGHT(A41,4)),""))) -> 2026
A42: 46189 | AQ42: MY0547099-9Y520906260117 | AV42: 3449523-9Y511106260032 | AX42: =IF(A42="","",IF(ISNUMBER(A42),MONTH(A42),IFERROR(VALUE(MID(A42,FIND(".",A42)+1,FIND(".",A42,FIND(".",A42)+1)-FIND(".",A42)-1)),""))) -> 6 | AY42: =IF(A42="","",IF(ISNUMBER(A42),YEAR(A42),IFERROR(VALUE(RIGHT(A42,4)),""))) -> 2026
A43: 46189 | AV43: MY0547078-9Z031006260069 | AX43: =IF(A43="","",IF(ISNUMBER(A43),MONTH(A43),IFERROR(VALUE(MID(A43,FIND(".",A43)+1,FIND(".",A43,FIND(".",A43)+1)-FIND(".",A43)-1)),""))) -> 6 | AY43: =IF(A43="","",IF(ISNUMBER(A43),YEAR(A43),IFERROR(VALUE(RIGHT(A43,4)),""))) -> 2026
A44: 46189 | AV44: 3449518-9Y521006260059 | AX44: =IF(A44="","",IF(ISNUMBER(A44),MONTH(A44),IFERROR(VALUE(MID(A44,FIND(".",A44)+1,FIND(".",A44,FIND(".",A44)+1)-FIND(".",A44)-1)),""))) -> 6 | AY44: =IF(A44="","",IF(ISNUMBER(A44),YEAR(A44),IFERROR(VALUE(RIGHT(A44,4)),""))) -> 2026
A45: 46189 | AV45: 3449518-9Z041106260074 | AX45: =IF(A45="","",IF(ISNUMBER(A45),MONTH(A45),IFERROR(VALUE(MID(A45,FIND(".",A45)+1,FIND(".",A45,FIND(".",A45)+1)-FIND(".",A45)-1)),""))) -> 6 | AY45: =IF(A45="","",IF(ISNUMBER(A45),YEAR(A45),IFERROR(VALUE(RIGHT(A45,4)),""))) -> 2026
A46: 46190 | C46: MY0547078-8X821206260033 | F46: 3449523-9Y981106260008 | AQ46: 3449518-9Z040506260020 | AX46: =IF(A46="","",IF(ISNUMBER(A46),MONTH(A46),IFERROR(VALUE(MID(A46,FIND(".",A46)+1,FIND(".",A46,FIND(".",A46)+1)-FIND(".",A46)-1)),""))) -> 6 | AY46: =IF(A46="","",IF(ISNUMBER(A46),YEAR(A46),IFERROR(VALUE(RIGHT(A46,4)),""))) -> 2026
A47: 46190 | F47: 3449518-9Y511206260013 | AQ47: MY0547078-9Y511106260020 | AX47: =IF(A47="","",IF(ISNUMBER(A47),MONTH(A47),IFERROR(VALUE(MID(A47,FIND(".",A47)+1,FIND(".",A47,FIND(".",A47)+1)-FIND(".",A47)-1)),""))) -> 6 | AY47: =IF(A47="","",IF(ISNUMBER(A47),YEAR(A47),IFERROR(VALUE(RIGHT(A47,4)),""))) -> 2026
A48: 46190 | F48: 3449523-9Y981106260011 | AX48: =IF(A49="","",IF(ISNUMBER(A49),MONTH(A49),IFERROR(VALUE(MID(A49,FIND(".",A49)+1,FIND(".",A49,FIND(".",A49)+1)-FIND(".",A49)-1)),""))) -> 6 | AY48: =IF(A49="","",IF(ISNUMBER(A49),YEAR(A49),IFERROR(VALUE(RIGHT(A49,4)),""))) -> 2026
A49: 46190 | F49: MY0547099-9Y740506260049 | AX49: =IF(#REF!="","",IF(ISNUMBER(#REF!),MONTH(#REF!),IFERROR(VALUE(MID(#REF!,FIND(".",#REF!)+1,FIND(".",#REF!,FIND(".",#REF!)+1)-FIND(".",#REF!)-1)),""))) -> #REF! | AY49: =IF(#REF!="","",IF(ISNUMBER(#REF!),YEAR(#REF!),IFERROR(VALUE(RIGHT(#REF!,4)),""))) -> #REF!
A50: 46191 | E50: 3449518-9Z031006260157 | F50: 3449518-9Y741206260070 | AQ50: MY0547078-9Y511506260082 | AT50: 3448356-8X821006260045 | AV50: MY0547099-9Y511506260071 | AX50: =IF(A50="","",IF(ISNUMBER(A50),MONTH(A50),IFERROR(VALUE(MID(A50,FIND(".",A50)+1,FIND(".",A50,FIND(".",A50)+1)-FIND(".",A50)-1)),""))) -> 6 | AY50: =IF(A50="","",IF(ISNUMBER(A50),YEAR(A50),IFERROR(VALUE(RIGHT(A50,4)),""))) -> 2026
A51: 46191 | F51: 3449523-9Y981106260009 | AV51: 3449523-9Z041506260080 | AX51: =IF(A51="","",IF(ISNUMBER(A51),MONTH(A51),IFERROR(VALUE(MID(A51,FIND(".",A51)+1,FIND(".",A51,FIND(".",A51)+1)-FIND(".",A51)-1)),""))) -> 6 | AY51: =IF(A51="","",IF(ISNUMBER(A51),YEAR(A51),IFERROR(VALUE(RIGHT(A51,4)),""))) -> 2026
A52: 46192 | C52: 3449518-9Y521506260108 | F52: 3449518-8X821506260129 | W52: 3449518-9Y981506260002 | AQ52: MY0547078-9Y521606260024 | AV52: 3449523-9Y981606260027 | AX52: =IF(A52="","",IF(ISNUMBER(A52),MONTH(A52),IFERROR(VALUE(MID(A52,FIND(".",A52)+1,FIND(".",A52,FIND(".",A52)+1)-FIND(".",A52)-1)),""))) -> 6 | AY52: =IF(A52="","",IF(ISNUMBER(A52),YEAR(A52),IFERROR(VALUE(RIGHT(A52,4)),""))) -> 2026
A53: 46192 | AQ53: 3449518-9E38 | AX53: =IF(A53="","",IF(ISNUMBER(A53),MONTH(A53),IFERROR(VALUE(MID(A53,FIND(".",A53)+1,FIND(".",A53,FIND(".",A53)+1)-FIND(".",A53)-1)),""))) -> 6 | AY53: =IF(A53="","",IF(ISNUMBER(A53),YEAR(A53),IFERROR(VALUE(RIGHT(A53,4)),""))) -> 2026
A54: 46195 | F54: MY0547099-9Y981706260011 | I54: MY0547099-9Z041806260070 | Q54: 3449523-9E381606260040 | W54: MY0547078-9Z031506260023 | AE54: MY0547099-9Y521606260010 | AP54: 3448356-9Y511506260025 | AQ54: MY0547078-9E381606260063 | AV54: MY0547099-9Y981906260138 | AX54: =IF(A54="","",IF(ISNUMBER(A54),MONTH(A54),IFERROR(VALUE(MID(A54,FIND(".",A54)+1,FIND(".",A54,FIND(".",A54)+1)-FIND(".",A54)-1)),""))) -> 6 | AY54: =IF(A54="","",IF(ISNUMBER(A54),YEAR(A54),IFERROR(VALUE(RIGHT(A54,4)),""))) -> 2026
A55: 46195 | I55: MY0547099-9Y981906260137 | AV55: 3448356-9Y511506260014 | AX55: =IF(A55="","",IF(ISNUMBER(A55),MONTH(A55),IFERROR(VALUE(MID(A55,FIND(".",A55)+1,FIND(".",A55,FIND(".",A55)+1)-FIND(".",A55)-1)),""))) -> 6 | AY55: =IF(A55="","",IF(ISNUMBER(A55),YEAR(A55),IFERROR(VALUE(RIGHT(A55,4)),""))) -> 2026
A56: 46195 | I56: MY0547099-9Z041806260072 | AX56: =IF(A56="","",IF(ISNUMBER(A56),MONTH(A56),IFERROR(VALUE(MID(A56,FIND(".",A56)+1,FIND(".",A56,FIND(".",A56)+1)-FIND(".",A56)-1)),""))) -> 6 | AY56: =IF(A56="","",IF(ISNUMBER(A56),YEAR(A56),IFERROR(VALUE(RIGHT(A56,4)),""))) -> 2026
A57: 46195 | I57: MY0547099-9Y521606260015 | AX57: =IF(A57="","",IF(ISNUMBER(A57),MONTH(A57),IFERROR(VALUE(MID(A57,FIND(".",A57)+1,FIND(".",A57,FIND(".",A57)+1)-FIND(".",A57)-1)),""))) -> 6 | AY57: =IF(A57="","",IF(ISNUMBER(A57),YEAR(A57),IFERROR(VALUE(RIGHT(A57,4)),""))) -> 2026
A58: 46195 | I58: MY0547099-9Y981906260141 | AX58: =IF(A58="","",IF(ISNUMBER(A58),MONTH(A58),IFERROR(VALUE(MID(A58,FIND(".",A58)+1,FIND(".",A58,FIND(".",A58)+1)-FIND(".",A58)-1)),""))) -> 6 | AY58: =IF(A58="","",IF(ISNUMBER(A58),YEAR(A58),IFERROR(VALUE(RIGHT(A58,4)),""))) -> 2026
A59: 46196 | C59: 3448362-9Y741606260012 | I59: MY0547099-9Y981906260127 | T59: 3449518-9Y511606260032 | W59: 3449518-8X821506260135 | AC59: MY0547099-9E381206260018 | AP59: 3449518-9Y521506260098 | AU59: 3448356-8X821506260062 | AV59: MY0547078-8X821806260007 | AX59: =IF(A59="","",IF(ISNUMBER(A59),MONTH(A59),IFERROR(VALUE(MID(A59,FIND(".",A59)+1,FIND(".",A59,FIND(".",A59)+1)-FIND(".",A59)-1)),""))) -> 6 | AY59: =IF(A59="","",IF(ISNUMBER(A59),YEAR(A59),IFERROR(VALUE(RIGHT(A59,4)),""))) -> 2026
A60: 46196 | C60: 3448356-9Y521506260023 | I60: MY0547099-9Y981806260095 | AU60: MY0547078-9E381606260098 | AV60: MY0547099-9Y521806260100 | AX60: =IF(A60="","",IF(ISNUMBER(A60),MONTH(A60),IFERROR(VALUE(MID(A60,FIND(".",A60)+1,FIND(".",A60,FIND(".",A60)+1)-FIND(".",A60)-1)),""))) -> 6 | AY60: =IF(A60="","",IF(ISNUMBER(A60),YEAR(A60),IFERROR(VALUE(RIGHT(A60,4)),""))) -> 2026
A61: 46196 | I61: MY0547099-9Z221606260044 | AV61: 3449523-9Y981606260104 | AX61: =IF(A61="","",IF(ISNUMBER(A61),MONTH(A61),IFERROR(VALUE(MID(A61,FIND(".",A61)+1,FIND(".",A61,FIND(".",A61)+1)-FIND(".",A61)-1)),""))) -> 6 | AY61: =IF(A61="","",IF(ISNUMBER(A61),YEAR(A61),IFERROR(VALUE(RIGHT(A61,4)),""))) -> 2026
A62: 46196 | I62: MY0547099-9Z041806260075 | AV62: MY0547078-9Y521706260011 | AX62: =IF(A62="","",IF(ISNUMBER(A62),MONTH(A62),IFERROR(VALUE(MID(A62,FIND(".",A62)+1,FIND(".",A62,FIND(".",A62)+1)-FIND(".",A62)-1)),""))) -> 6 | AY62: =IF(A62="","",IF(ISNUMBER(A62),YEAR(A62),IFERROR(VALUE(RIGHT(A62,4)),""))) -> 2026
A63: 46196 | AV63: 3449518-9E381206260117 | AX63: =IF(A63="","",IF(ISNUMBER(A63),MONTH(A63),IFERROR(VALUE(MID(A63,FIND(".",A63)+1,FIND(".",A63,FIND(".",A63)+1)-FIND(".",A63)-1)),""))) -> 6 | AY63: =IF(A63="","",IF(ISNUMBER(A63),YEAR(A63),IFERROR(VALUE(RIGHT(A63,4)),""))) -> 2026
A64: 46197 | F64: MY0547078-9Y521806260017 | H64: MY0547078-9Y512306260051 | I64: MY0547099-9E381906260059 | W64: MY0547078-9Y512306260058 | X64: MY0547078-8X821806260011 | AC64: MY0547078-9Y511706260096 | AF64: 3449518-9E381606260092 | AQ64: MY0547099-9Z041906260026 | AU64: MY0547099-9Y521706260087 | AV64: 3449518-9E381706260109 | AX64: =IF(A64="","",IF(ISNUMBER(A64),MONTH(A64),IFERROR(VALUE(MID(A64,FIND(".",A64)+1,FIND(".",A64,FIND(".",A64)+1)-FIND(".",A64)-1)),""))) -> 6 | AY64: =IF(A64="","",IF(ISNUMBER(A64),YEAR(A64),IFERROR(VALUE(RIGHT(A64,4)),""))) -> 2026
A65: 46197 | F65: 3449518-9E381606260095 | I65: MY0547099-9Y521906260111 | W65: 3449523-9E381706260011 | X65: MY0547078-9Z031806260032 | AV65: 3449518-9A841706260162 | AX65: =IF(A65="","",IF(ISNUMBER(A65),MONTH(A65),IFERROR(VALUE(MID(A65,FIND(".",A65)+1,FIND(".",A65,FIND(".",A65)+1)-FIND(".",A65)-1)),""))) -> 6 | AY65: =IF(A65="","",IF(ISNUMBER(A65),YEAR(A65),IFERROR(VALUE(RIGHT(A65,4)),""))) -> 2026
A66: 46197 | F66: MY0547078-9E381706260124 | AV66: MY0547078-9Y512306260059 | AX66: =IF(A66="","",IF(ISNUMBER(A66),MONTH(A66),IFERROR(VALUE(MID(A66,FIND(".",A66)+1,FIND(".",A66,FIND(".",A66)+1)-FIND(".",A66)-1)),""))) -> 6 | AY66: =IF(A66="","",IF(ISNUMBER(A66),YEAR(A66),IFERROR(VALUE(RIGHT(A66,4)),""))) -> 2026
A67: 46197 | F67: 3448356-9Y981706260023 | AV67: MY0547078-9E381606260096 | AX67: =IF(A67="","",IF(ISNUMBER(A67),MONTH(A67),IFERROR(VALUE(MID(A67,FIND(".",A67)+1,FIND(".",A67,FIND(".",A67)+1)-FIND(".",A67)-1)),""))) -> 6 | AY67: =IF(A67="","",IF(ISNUMBER(A67),YEAR(A67),IFERROR(VALUE(RIGHT(A67,4)),""))) -> 2026
A68: 46197 | F68: MY0547078-9Y981706260058 | AV68: MY0547078-9E382306260039 | AX68: =IF(A68="","",IF(ISNUMBER(A68),MONTH(A68),IFERROR(VALUE(MID(A68,FIND(".",A68)+1,FIND(".",A68,FIND(".",A68)+1)-FIND(".",A68)-1)),""))) -> 6 | AY68: =IF(A68="","",IF(ISNUMBER(A68),YEAR(A68),IFERROR(VALUE(RIGHT(A68,4)),""))) -> 2026
A69: 46197 | F69: MY0547078-9E381706260047 | AV69: MY0547099-9Y982206260071 | AX69: =IF(A69="","",IF(ISNUMBER(A69),MONTH(A69),IFERROR(VALUE(MID(A69,FIND(".",A69)+1,FIND(".",A69,FIND(".",A69)+1)-FIND(".",A69)-1)),""))) -> 6 | AY69: =IF(A69="","",IF(ISNUMBER(A69),YEAR(A69),IFERROR(VALUE(RIGHT(A69,4)),""))) -> 2026
A70: 46197 | F70: MY0547078-9E381706260045 | AV70: MY0547099-9Y511906260086 | AX70: =IF(A70="","",IF(ISNUMBER(A70),MONTH(A70),IFERROR(VALUE(MID(A70,FIND(".",A70)+1,FIND(".",A70,FIND(".",A70)+1)-FIND(".",A70)-1)),""))) -> 6 | AY70: =IF(A70="","",IF(ISNUMBER(A70),YEAR(A70),IFERROR(VALUE(RIGHT(A70,4)),""))) -> 2026
A71: 46197 | F71: MY0547078-9Y511806260134 | AV71: MY0547099-9Y982206260070 | AX71: =IF(A71="","",IF(ISNUMBER(A71),MONTH(A71),IFERROR(VALUE(MID(A71,FIND(".",A71)+1,FIND(".",A71,FIND(".",A71)+1)-FIND(".",A71)-1)),""))) -> 6 | AY71: =IF(A71="","",IF(ISNUMBER(A71),YEAR(A71),IFERROR(VALUE(RIGHT(A71,4)),""))) -> 2026
A72: 46197 | AV72: MY0547099-9Y981606260126 | AX72: =IF(A72="","",IF(ISNUMBER(A72),MONTH(A72),IFERROR(VALUE(MID(A72,FIND(".",A72)+1,FIND(".",A72,FIND(".",A72)+1)-FIND(".",A72)-1)),""))) -> 6 | AY72: =IF(A72="","",IF(ISNUMBER(A72),YEAR(A72),IFERROR(VALUE(RIGHT(A72,4)),""))) -> 2026
A73: 46198 | F73: 3449523-9E381706260009 | I73: MY0547099-9Z031906260165 | AQ73: 3449518-9E381706260019 | AU73: MY0547099-9Y981706260004 | AV73: MY0547078-9E381706260040 | AX73: =IF(A73="","",IF(ISNUMBER(A73),MONTH(A73),IFERROR(VALUE(MID(A73,FIND(".",A73)+1,FIND(".",A73,FIND(".",A73)+1)-FIND(".",A73)-1)),""))) -> 6 | AY73: =IF(A73="","",IF(ISNUMBER(A73),YEAR(A73),IFERROR(VALUE(RIGHT(A73,4)),""))) -> 2026
A74: 46198 | F74: MY0547078-9E381606260068 | AQ74: 3448356-9Y521906260007 | AU74: MY0547099-9Y511906260092 | AV74: MY0547078-9Y511806260052 | AX74: =IF(A74="","",IF(ISNUMBER(A74),MONTH(A74),IFERROR(VALUE(MID(A74,FIND(".",A74)+1,FIND(".",A74,FIND(".",A74)+1)-FIND(".",A74)-1)),""))) -> 6 | AY74: =IF(A74="","",IF(ISNUMBER(A74),YEAR(A74),IFERROR(VALUE(RIGHT(A74,4)),""))) -> 2026
A75: 46198 | F75: MY0547078-9Y512406260067 | AV75: MY0547099-9E381806260027 | AX75: =IF(A75="","",IF(ISNUMBER(A75),MONTH(A75),IFERROR(VALUE(MID(A75,FIND(".",A75)+1,FIND(".",A75,FIND(".",A75)+1)-FIND(".",A75)-1)),""))) -> 6 | AY75: =IF(A75="","",IF(ISNUMBER(A75),YEAR(A75),IFERROR(VALUE(RIGHT(A75,4)),""))) -> 2026
A76: 46198 | F76: MY0547078-9Y512406260054 | AX76: =IF(A76="","",IF(ISNUMBER(A76),MONTH(A76),IFERROR(VALUE(MID(A76,FIND(".",A76)+1,FIND(".",A76,FIND(".",A76)+1)-FIND(".",A76)-1)),""))) -> 6 | AY76: =IF(A76="","",IF(ISNUMBER(A76),YEAR(A76),IFERROR(VALUE(RIGHT(A76,4)),""))) -> 2026
A77: 46199 | C77: 3449523-9Y981906260068 | F77: 3449518-9Z032306260058 | G77: MY0547099-9Y522406260044 | I77: MY0547099-9Y522406260043 | V77: MY0547099-9E382506260001 | AQ77: MY0547099-9Z222206260019 | AV77: 3449518-9Y981706260097 | AX77: =IF(A77="","",IF(ISNUMBER(A77),MONTH(A77),IFERROR(VALUE(MID(A77,FIND(".",A77)+1,FIND(".",A77,FIND(".",A77)+1)-FIND(".",A77)-1)),""))) -> 6 | AY77: =IF(A77="","",IF(ISNUMBER(A77),YEAR(A77),IFERROR(VALUE(RIGHT(A77,4)),""))) -> 2026
A78: 46199 | F78: 3449518-9Y981706260121 | AV78: 3449523-9Y512306260024 | AX78: =IF(A78="","",IF(ISNUMBER(A78),MONTH(A78),IFERROR(VALUE(MID(A78,FIND(".",A78)+1,FIND(".",A78,FIND(".",A78)+1)-FIND(".",A78)-1)),""))) -> 6 | AY78: =IF(A78="","",IF(ISNUMBER(A78),YEAR(A78),IFERROR(VALUE(RIGHT(A78,4)),""))) -> 2026
A79: 46199 | F79: 3449518-9Y521706260136 | AV79: MY0547099-9Z042406260113 | AX79: =IF(A79="","",IF(ISNUMBER(A79),MONTH(A79),IFERROR(VALUE(MID(A79,FIND(".",A79)+1,FIND(".",A79,FIND(".",A79)+1)-FIND(".",A79)-1)),""))) -> 6 | AY79: =IF(A79="","",IF(ISNUMBER(A79),YEAR(A79),IFERROR(VALUE(RIGHT(A79,4)),""))) -> 2026
A80: 46199 | F80: MY0547078-8X822406260077 | AV80: MY0547099-9E381906260082 | AX80: =IF(A80="","",IF(ISNUMBER(A80),MONTH(A80),IFERROR(VALUE(MID(A80,FIND(".",A80)+1,FIND(".",A80,FIND(".",A80)+1)-FIND(".",A80)-1)),""))) -> 6 | AY80: =IF(A80="","",IF(ISNUMBER(A80),YEAR(A80),IFERROR(VALUE(RIGHT(A80,4)),""))) -> 2026
A81: 46199 | F81: MY0547078-9Z032206260049 | AV81: MY0547078-9Z231906260055 | AX81: =IF(A81="","",IF(ISNUMBER(A81),MONTH(A81),IFERROR(VALUE(MID(A81,FIND(".",A81)+1,FIND(".",A81,FIND(".",A81)+1)-FIND(".",A81)-1)),""))) -> 6 | AY81: =IF(A81="","",IF(ISNUMBER(A81),YEAR(A81),IFERROR(VALUE(RIGHT(A81,4)),""))) -> 2026
A82: 46199 | F82: 3448356-9Y511506260010 | AX82: =IF(A82="","",IF(ISNUMBER(A82),MONTH(A82),IFERROR(VALUE(MID(A82,FIND(".",A82)+1,FIND(".",A82,FIND(".",A82)+1)-FIND(".",A82)-1)),""))) -> 6 | AY82: =IF(A82="","",IF(ISNUMBER(A82),YEAR(A82),IFERROR(VALUE(RIGHT(A82,4)),""))) -> 2026
A83: 46202 | B83: MY0547099-9Z032506260057 | C83: 3449518-9Y981706260129 | F83: MY0547078-9Y982306260008 | I83: MY0547099-9Y522606260026 | W83: 3448362-9Y981706260006 | X83: MY0547078-9E382306260131 | AC83: MY0547099-9E382406260109 | AE83: MY0547099-9E382606260087 | AQ83: 3448356-9Y981806260010 | AU83: 3449518-9Y512206260153 | AV83: MY0547078-9Y512406260108 | AW83: MY0547078-8X821906260072 | AX83: =IF(A83="","",IF(ISNUMBER(A83),MONTH(A83),IFERROR(VALUE(MID(A83,FIND(".",A83)+1,FIND(".",A83,FIND(".",A83)+1)-FIND(".",A83)-1)),""))) -> 6 | AY83: =IF(A83="","",IF(ISNUMBER(A83),YEAR(A83),IFERROR(VALUE(RIGHT(A83,4)),""))) -> 2026
A84: 46202 | F84: 3448356-9Y981806260013 | I84: MY0547099-9E381806260045 | W84: MY0547078-9Y822206260010 | X84: 3449523-9E381806260146 | AE84: MY0547099-9Y512206260054 | AQ84: 3448356-9Y981906260008 | AV84: MY0547099-9Y532506260013 | AW84: MY0547099-8X821906260152 | AX84: =IF(A84="","",IF(ISNUMBER(A84),MONTH(A84),IFERROR(VALUE(MID(A84,FIND(".",A84)+1,FIND(".",A84,FIND(".",A84)+1)-FIND(".",A84)-1)),""))) -> 6 | AY84: =IF(A84="","",IF(ISNUMBER(A84),YEAR(A84),IFERROR(VALUE(RIGHT(A84,4)),""))) -> 2026
A85: 46202 | F85: MY0547078-9E381606260068 | I85: MY0547099-9E381806260040 | X85: 3448362-8X822306260037 | AE85: MY0547099-9Y512206260055 | AQ85: 3449523-9Y511906260030 | AV85: MY0547078-9Y522206260132 | AX85: =IF(A85="","",IF(ISNUMBER(A85),MONTH(A85),IFERROR(VALUE(MID(A85,FIND(".",A85)+1,FIND(".",A85,FIND(".",A85)+1)-FIND(".",A85)-1)),""))) -> 6 | AY85: =IF(A85="","",IF(ISNUMBER(A85),YEAR(A85),IFERROR(VALUE(RIGHT(A85,4)),""))) -> 2026
A86: 46202 | F86: 3449523-9Z031706260017 | I86: 3449523-9Z031906260138 | X86: 3449518-9A841706260172 | AV86: 3448356-9Y522406260022 | AX86: =IF(A86="","",IF(ISNUMBER(A86),MONTH(A86),IFERROR(VALUE(MID(A86,FIND(".",A86)+1,FIND(".",A86,FIND(".",A86)+1)-FIND(".",A86)-1)),""))) -> 6 | AY86: =IF(A86="","",IF(ISNUMBER(A86),YEAR(A86),IFERROR(VALUE(RIGHT(A86,4)),""))) -> 2026
A87: 46202 | F87: MY0547078-9Y522406260125 | I87: M3449523-9Z221806260020 | AV87: MY0547099-9E382506260009 | AX87: =IF(A87="","",IF(ISNUMBER(A87),MONTH(A87),IFERROR(VALUE(MID(A87,FIND(".",A87)+1,FIND(".",A87,FIND(".",A87)+1)-FIND(".",A87)-1)),""))) -> 6 | AY87: =IF(A87="","",IF(ISNUMBER(A87),YEAR(A87),IFERROR(VALUE(RIGHT(A87,4)),""))) -> 2026
A88: 46202 | F88: MY0547099-9Z041706260008 | I88: MY0547099-9E382506260007 | AV88: MY0547099-9E382206260030 | AX88: =IF(A88="","",IF(ISNUMBER(A88),MONTH(A88),IFERROR(VALUE(MID(A88,FIND(".",A88)+1,FIND(".",A88,FIND(".",A88)+1)-FIND(".",A88)-1)),""))) -> 6 | AY88: =IF(A88="","",IF(ISNUMBER(A88),YEAR(A88),IFERROR(VALUE(RIGHT(A88,4)),""))) -> 2026
A89: 46202 | F89: 3448356-9Y981706260002 | I89: MY0547099-9Y981906260139 | AV89: MY0547078-9Y512206260003 | AX89: =IF(A89="","",IF(ISNUMBER(A89),MONTH(A89),IFERROR(VALUE(MID(A89,FIND(".",A89)+1,FIND(".",A89,FIND(".",A89)+1)-FIND(".",A89)-1)),""))) -> 6 | AY89: =IF(A89="","",IF(ISNUMBER(A89),YEAR(A89),IFERROR(VALUE(RIGHT(A89,4)),""))) -> 2026
A90: 46202 | I90: MY0547078-9Y511806260133 | AV90: 3448356-9Y522206260018 | AX90: =IF(A90="","",IF(ISNUMBER(A90),MONTH(A90),IFERROR(VALUE(MID(A90,FIND(".",A90)+1,FIND(".",A90,FIND(".",A90)+1)-FIND(".",A90)-1)),""))) -> 6 | AY90: =IF(A90="","",IF(ISNUMBER(A90),YEAR(A90),IFERROR(VALUE(RIGHT(A90,4)),""))) -> 2026
A91: 46202 | I91: MY0547078-9Y521506260007 | AV91: MY0547078-9Y522406260121 | AX91: =IF(A92="","",IF(ISNUMBER(A92),MONTH(A92),IFERROR(VALUE(MID(A92,FIND(".",A92)+1,FIND(".",A92,FIND(".",A92)+1)-FIND(".",A92)-1)),""))) -> 6 | AY91: =IF(A92="","",IF(ISNUMBER(A92),YEAR(A92),IFERROR(VALUE(RIGHT(A92,4)),""))) -> 2026
A92: 46202 | I92: MY0547099-9Y522306260098 | AV92: MY0547078-9Y511806260129 | AX92: =IF(#REF!="","",IF(ISNUMBER(#REF!),MONTH(#REF!),IFERROR(VALUE(MID(#REF!,FIND(".",#REF!)+1,FIND(".",#REF!,FIND(".",#REF!)+1)-FIND(".",#REF!)-1)),""))) -> #REF! | AY92: =IF(#REF!="","",IF(ISNUMBER(#REF!),YEAR(#REF!),IFERROR(VALUE(RIGHT(#REF!,4)),""))) -> #REF!
A93: 46202 | I93: MY0547099-9E381806260039 | AV93: MY0547099-9Y511906260104 | AX93: =IF(A94="","",IF(ISNUMBER(A94),MONTH(A94),IFERROR(VALUE(MID(A94,FIND(".",A94)+1,FIND(".",A94,FIND(".",A94)+1)-FIND(".",A94)-1)),""))) -> 6 | AY93: =IF(A94="","",IF(ISNUMBER(A94),YEAR(A94),IFERROR(VALUE(RIGHT(A94,4)),""))) -> 2026
A94: 46203 | C94: MY0547078-9Y512206260095 | I94: MY0547099-9E381606260057 | W94: 3448362-9Y982206260008 | AE94: MY0547099-9Y982606260041 | AQ94: MY0547078-9Y982506260041 | AV94: MY0547078-9Y521906260038 | AX94: =IF(#REF!="","",IF(ISNUMBER(#REF!),MONTH(#REF!),IFERROR(VALUE(MID(#REF!,FIND(".",#REF!)+1,FIND(".",#REF!,FIND(".",#REF!)+1)-FIND(".",#REF!)-1)),""))) -> #REF! | AY94: =IF(#REF!="","",IF(ISNUMBER(#REF!),YEAR(#REF!),IFERROR(VALUE(RIGHT(#REF!,4)),""))) -> #REF!
A95: 46203 | I95: MY0547099-9E382606260077 | AX95: =IF(A95="","",IF(ISNUMBER(A95),MONTH(A95),IFERROR(VALUE(MID(A95,FIND(".",A95)+1,FIND(".",A95,FIND(".",A95)+1)-FIND(".",A95)-1)),""))) -> 6 | AY95: =IF(A95="","",IF(ISNUMBER(A95),YEAR(A95),IFERROR(VALUE(RIGHT(A95,4)),""))) -> 2026
A96: 46204 | F96: MY0547078-9E382506260069 | X96: MY0547099-9Y982906260010 | AC96: 3449523-9Y742506260153 | AQ96: MY0547099-9Y982906260015 | AV96: 3449518-9Y982206260132 | AX96: =IF(A96="","",IF(ISNUMBER(A96),MONTH(A96),IFERROR(VALUE(MID(A96,FIND(".",A96)+1,FIND(".",A96,FIND(".",A96)+1)-FIND(".",A96)-1)),""))) -> 7 | AY96: =IF(A96="","",IF(ISNUMBER(A96),YEAR(A96),IFERROR(VALUE(RIGHT(A96,4)),""))) -> 2026
A97: 46204 | F97: MY0547099-9Y512506260034 | X97: MY0547078-9E382506260074 | AQ97: 3449518-9E382406260143 | AV97: 3449523-9E382406260034 | AX97: =IF(A97="","",IF(ISNUMBER(A97),MONTH(A97),IFERROR(VALUE(MID(A97,FIND(".",A97)+1,FIND(".",A97,FIND(".",A97)+1)-FIND(".",A97)-1)),""))) -> 7 | AY97: =IF(A97="","",IF(ISNUMBER(A97),YEAR(A97),IFERROR(VALUE(RIGHT(A97,4)),""))) -> 2026
A98: 46204 | F98: MY0547078-9E382506260070 | AQ98: MY0547099-9Y982606260044 | AV98: MY0547099-9Z042306260063 | AX98: =IF(A98="","",IF(ISNUMBER(A98),MONTH(A98),IFERROR(VALUE(MID(A98,FIND(".",A98)+1,FIND(".",A98,FIND(".",A98)+1)-FIND(".",A98)-1)),""))) -> 7 | AY98: =IF(A98="","",IF(ISNUMBER(A98),YEAR(A98),IFERROR(VALUE(RIGHT(A98,4)),""))) -> 2026
A99: 46204 | F99: M3449518-9Z222206260060 | AQ99: MY0547099-9Y982906260016 | AX99: =IF(A99="","",IF(ISNUMBER(A99),MONTH(A99),IFERROR(VALUE(MID(A99,FIND(".",A99)+1,FIND(".",A99,FIND(".",A99)+1)-FIND(".",A99)-1)),""))) -> 7 | AY99: =IF(A99="","",IF(ISNUMBER(A99),YEAR(A99),IFERROR(VALUE(RIGHT(A99,4)),""))) -> 2026
A100: 46204 | F100: 3449518-9Y982206260155 | AX100: =IF(A100="","",IF(ISNUMBER(A100),MONTH(A100),IFERROR(VALUE(MID(A100,FIND(".",A100)+1,FIND(".",A100,FIND(".",A100)+1)-FIND(".",A100)-1)),""))) -> 7 | AY100: =IF(A100="","",IF(ISNUMBER(A100),YEAR(A100),IFERROR(VALUE(RIGHT(A100,4)),""))) -> 2026
...

Sheet Sklad - na rework
A1: Datum | B1: FR HEAT | C1: FL HEAT | D1: FR | E1: FL | F1: RR | G1: RL
A2: 46072 | B2: MY0547099-9Z22 | C2: MY0547078-9Z03 | D2: 3448362-9Y74 | E2: 3448356-9Y53 | F2: 3449523-9E38 | G2: M3449618-9z22
A3: 46072 | B3: MY0547099-9Z22 | C3: MY0547078-9Z22 | D3: 3448362-9Y51 | E3: 3448356-9Y98 | F3: 3449523-9Y52 | G3: 3449518-9E38
A4: 46072 | B4: MY0547099-9Z04 | D4: MY0547099-9Y51 | E4: 3448356-9Y98 | G4: 3449518-9Y74
A5: 46072 | B5: MY0547099-9Y98 | D5: 3448362-9Y52 | E5: 3448356-9Y98 | G5: 3449518-9E38
A6: 46072 | D6: 3448362-9Y98 | E6: 3448356-9A84 | G6: 3449518-8X82
A7: 46072 | D7: 3448362-9E38 | E7: 3448356-9Y98 | G7: 3449518-8X82
A8: 46072 | E8: 3448356-9Y52
A9: 46072 | E9: 3448356-9Y52
A10: 46072 | E10: 3448356-9A84
A11: 46072 | E11: 3448356-9Y98
A12: 46072 | E12: 3448356-9A84
A13: 46072 | E13: 3448356-9Y51
A14: 46072 | E14: 3448356-9Y98
A15: 46072 | E15: 3448356-9E38
A16: 46073 | C16: MY0547099-9Y51 | D16: 3448362-9A84 | E16: 3448356-9E38 | F16: 3449523-9E38
A17: 46073 | C17: MY0547078-8X82 | D17: 3448362-9Y52 | E17: 3448356-9E38
A18: 46073 | C18: MY0547078-8X82 | D18: 3448362-9A84 | E18: 3448356-9Y74
A19: 46073 | C19: MY0547078-9Z22 | D19: 3448362-9A84 | E19: 3448356-9Y74
A20: 46073 | C20: MY0547078-8X82 | E20: 3448356-9Y52
A21: 46073 | C21: MY0547078-9E38 | E21: 3448356-9Y52
A22: 46073 | E22: 3448356-9Y52
A23: 46073 | E23: 3448356-9Y52
A24: 46073 | E24: 3448356-9Y74
A25: 46073 | E25: 3448356-9Y74
A26: 46073 | E26: 3448356-9Y74
A27: 46073 | E27: 3448356-9Y74
A28: 46073 | E28: 3448356-9Y74
A29: 46076 | B29: MY0547099-9Y74 | D29: 3448362-9Y51 | E29: 3448356-8X82 | G29: 3449518-9Y52
A30: 46076 | B30: MY0547099-9Y51 | G30: 3449518-9E38
A31: 46076 | B31: MY0547099-8X82
A32: 46076 | B32: MY0547099-9Y51
A33: 46076 | B33: MY0547099-9Z03
A34: 46076 | B34: MY0547099-9E38
A35: 46077 | B35: MY0547099-9E38 | F35: 3449523-9Y51 | G35: 3449518-9Y51
A36: 46077 | B36: MY0547099-9E38 | F36: 3449523-9Y52 | G36: 3449518-9Y52
A37: 46077 | B37: MY0547099-9Y98
A38: 46077 | B38: MY0547099-9E38
A39: 46077 | B39: MY0547099-9Y52
A40: 46077 | B40: MY0547099-9Y74
A41: 46077 | B41: MY0547099-9Y74
A42: 46077 | B42: MY0547099-9Y51
A43: 46077 | B43: MY0547099-9Y51
A44: 46077 | B44: MY0547099-9Z03
A45: 46077 | B45: MY0547099-9Y53
A46: 46077 | B46: MY0547099-9Z04
A47: 46078 | B47: MY0547099-9Y52 | C47: MY0547078-9Y98 | D47: 3448362-9A84 | E47: 3448356-9Z03 | F47: 3449523-9Z04 | G47: 3449518-9A84
A48: 46078 | B48: MY0547099-9Y52 | D48: 3448362-9E38 | E48: 3448356-9E38
A49: 46078 | B49: MY0547099-9E38
A50: 46078 | B50: MY0547099-9Y52
A51: 46079 | B51: MY0547099-8X82 | C51: MY0547078-9Y98 | D51: 3448362-9E38 | E51: 3448356-9E38 | F51: 3449523-9E38 | G51: 3449518-9Y74
A52: 46079 | B52: MY0547099-9Y98 | C52: MY0547078-9Y51 | D52: 3448362-9Y52 | E52: 3448356-9E38 | F52: 3449523-9Y51 | G52: 3449518-9Y81
A53: 46079 | B53: MY0547099-9Y98 | C53: MY0547078-9Y51 | D53: 3448362-9Y74 | E53: 3448356-9E38 | F53: 3449523-9Y51 | G53: 3449518-9Z04
A54: 46079 | B54: MY0547099-9E38 | C54: MY0547078-9Y51 | D54: 3448362-9E38 | E54: 3448356-9E38
A55: 46079 | B55: MY0547099-9Y74 | D55: 3448362-9A84 | E55: 3448356-9Y52
A56: 46079 | B56: MY0547099-8X82 | D56: 3448362-9Y52 | E56: 3448356-9E38
A57: 46079 | B57: MY0547099-8X82 | D57: 3448362-9Y74 | E57: 3448356-9E38
A58: 46079 | B58: MY0547099-9E38 | E58: 3448356-9E38
A59: 46079 | B59: MY0547099-9E38 | E59: 3448356-9E38
A60: 46079 | B60: MY0547099-9Z03 | E60: 3448356-9E38
A61: 46080 | B61: MY0547099-9Y98 | D61: 3448362-9Y74 | E61: 3448356-9E38 | G61: 3449518-9Z04
A62: 46080 | B62: MY0547099-9Y74 | D62: 3448362-9A84 | E62: 3448356-9E38 | G62: 3449518-9Z04
A63: 46080 | B63: MY0547099-9Y74 | D63: 3448362-9Y52 | E63: 3448356-9E38 | G63: 3449518-9Z04
A64: 46080 | B64: MY0547099-9E38 | D64: 3448362-9Y52 | G64: 3449518-9Z04
A65: 46080 | D65: 3448362-9A84 | G65: 3449518-9Z04
A66: 46080 | D66: 3448362-9Y52
A67: 46083 | B67: MY0547099-9Y98 | C67: MY0547078-9Z03 | F67: 3449523-9E38 | G67: 3449518-9Z04
A68: 46083 | B68: MY0547099-9Y74 | G68: 3449518-9Z04
A69: 46083 | B69: MY0547099-9Y98
A70: 46083 | B70: MY0547099-9Y52
A71: 46084 | B71: MY0547099-8X822702260051 | D71: 3448362-9Y512001260022 | F71: 3449523-9Y522702260037
A72: 46084 | B72: MY0547099-9Y510103260005
A73: 46084 | B73: MY0547099-9Y982702260061
A74: 46084 | B74: MY0547099-9Y522702260110 | D74: 3448362-9Y512101260001
A75: 46084 | D75: 3448362-9Y511601260008
A76: 46085 | B76: MY0547099-9E38
A77: 46085 | B77: MY0547099-8X82
A78: 46085 | B78: MY0547099-9E38
A79: 46085 | B79: MY0547099-9Y51
A80: 46086 | B80: MY0547099-9Y74 | C80: MY0547078-9Z03 | G80: M3449518-9Z22
A81: 46086 | B81: MY0547099-9Y74 | C81: MY0547078-9Y51 | G81: 3449518-9Y53
A82: 46086 | B82: MY0547099-9Z04
A83: 46086 | B83: MY0547099-9Z04
A84: 46086 | B84: MY0547099-9Y51
A85: 46087 | B85: MY0547099-9Y74 | C85: MY0547078-9Y52
A86: 46087 | C86: MY0547078-9Y81
A87: 46090 | B87: MY0547099-9E38 | C87: MY0547078-8X82 | E87: 3448356-9Y52 | F87: 3449523-9Y51
A88: 46090 | B88: MY0547099-8X82 | F88: 3449523-9Y74
A89: 46090 | B89: MY0547099-9Y52
A90: 46091 | B90: MY0547099-9E38 | D90: 3448362-9Z04
A91: 46091 | D91: 3448362-8X82
A92: 46092 | D92: 3448362-9Y52 | F92: 3449523-9Y52 | G92: 3449518-9Y51
A93: 46092 | D93: 3448362-9E38 | G93: 3449518-9E38
A94: 46093 | B94: MY0547099-9E38 | C94: MY0547078-9Z04 | G94: 3449518-9Y98
A95: 46093 | B95: MY0547099-9E38 | C95: MY0547078-8X82
A96: 46093 | B96: MY0547099-9E38 | C96: MY0547078-9Y74
A97: 46093 | B97: MY0547099-9Y98
A98: 46093 | B98: MY0547099-9Y98
A99: 46093 | B99: MY0547099-9Y52
A100: 46094 | B100: MY0547099-9Y98 | C100: MY0547078-9Z04 | F100: M3449523-9Z22 | G100: 3449518-9Y51
...

Sheet Pareto PREFIX
A1: Pareto graf – PREFIX
A2: Filtrovat dle měsíce: | B2: Vše | E2: ← vyberte měsíc nebo nechte 'Vše'
A3: Filtrovat dle roku: | B3: Vše | E3: ← vyberte rok nebo nechte 'Vše'
A6: Kód vady | B6: Popis vady | C6: Počet MC | D6: % podíl | E6: Kumulativní % | F6: Pořadí | I6: # | J6: Kód vady | K6: Popis vady | L6: Počet MC | M6: % podíl | N6: Kum. % | O6: Skóre
A7: SSP2 | B7: Spálený spacer | C7: =SUMPRODUCT(('Posouzení PREFIX'!B6:B205<>"")*('Posouzení PREFIX'!A6:A205<>"")*IF($B$2="Vše",1,'Posouzení PREFIX'!AW6:AW205=MATCH($B$2,{"Leden","Únor","Březen","Duben","Květen","Červen","Červenec","Srpen","Září","Říjen","Listopad","Prosinec"},0))*IF($B$3="Vše",1,'Posouzení PREFIX'!AX6:AX205=VALUE($B$3))) -> 31 | D7: =IF(C42>0,C7/C42,0) -> 0.057195572 | E7: =D7 -> 0.057195572 | F7: =IFERROR(RANK(C7,C$7:C$41,0),"") -> 6 | I7: 1 | J7: =IFERROR(INDEX(A7:A41,MATCH(LARGE(O7:O41,1),O7:O41,0)),"–") -> KRSK | K7: =IFERROR(INDEX(B7:B41,MATCH(LARGE(O7:O41,1),O7:O41,0)),"–") -> Kragujevac - skin defect | L7: =IFERROR(INDEX(C7:C41,MATCH(LARGE(O7:O41,1),O7:O41,0)),0) -> 167 | M7: =IFERROR(L7/C42,0) -> 0.30811808 | N7: =M7 -> 0.30811808 | O7: =C7+(1-ROW()*0.00001) -> 31.99993
A8: PMEP | B8: Mechanické poškození | C8: =SUMPRODUCT(('Posouzení PREFIX'!C6:C205<>"")*('Posouzení PREFIX'!A6:A205<>"")*IF($B$2="Vše",1,'Posouzení PREFIX'!AW6:AW205=MATCH($B$2,{"Leden","Únor","Březen","Duben","Květen","Červen","Červenec","Srpen","Září","Říjen","Listopad","Prosinec"},0))*IF($B$3="Vše",1,'Posouzení PREFIX'!AX6:AX205=VALUE($B$3))) -> 25 | D8: =IF(C42>0,C8/C42,0) -> 0.046125461 | E8: =SUM($D$7:D8) -> 0.10332103 | F8: =IFERROR(RANK(C8,C$7:C$41,0),"") -> 8 | I8: 2 | J8: =IFERROR(INDEX(A7:A41,MATCH(LARGE(O7:O41,2),O7:O41,0)),"–") -> KRSS | K8: =IFERROR(INDEX(B7:B41,MATCH(LARGE(O7:O41,2),O7:O41,0)),"–") -> Kragujevac - short skin | L8: =IFERROR(INDEX(C7:C41,MATCH(LARGE(O7:O41,2),O7:O41,0)),0) -> 112 | M8: =IFERROR(L8/C42,0) -> 0.20664207 | N8: =SUM($M$7:M8) -> 0.51476015 | O8: =C8+(1-ROW()*0.00001) -> 25.99992
A9: OHN2 | B9: Odřená hrana | C9: =SUMPRODUCT(('Posouzení PREFIX'!D6:D205<>"")*('Posouzení PREFIX'!A6:A205<>"")*IF($B$2="Vše",1,'Posouzení PREFIX'!AW6:AW205=MATCH($B$2,{"Leden","Únor","Březen","Duben","Květen","Červen","Červenec","Srpen","Září","Říjen","Listopad","Prosinec"},0))*IF($B$3="Vše",1,'Posouzení PREFIX'!AX6:AX205=VALUE($B$3))) -> 0 | D9: =IF(C42>0,C9/C42,0) -> 0 | E9: =SUM($D$7:D9) -> 0.10332103 | F9: =IFERROR(RANK(C9,C$7:C$41,0),"") -> 21 | I9: 3 | J9: =IFERROR(INDEX(A7:A41,MATCH(LARGE(O7:O41,3),O7:O41,0)),"–") -> SPF | K9: =IFERROR(INDEX(B7:B41,MATCH(LARGE(O7:O41,3),O7:O41,0)),"–") -> Špatný prefix | L9: =IFERROR(INDEX(C7:C41,MATCH(LARGE(O7:O41,3),O7:O41,0)),0) -> 70 | M9: =IFERROR(L9/C42,0) -> 0.12915129 | N9: =SUM($M$7:M9) -> 0.64391144 | O9: =C9+(1-ROW()*0.00001) -> 0.99991
A10: PSKU | B10: Spálená kůže | C10: =SUMPRODUCT(('Posouzení PREFIX'!E6:E205<>"")*('Posouzení PREFIX'!A6:A205<>"")*IF($B$2="Vše",1,'Posouzení PREFIX'!AW6:AW205=MATCH($B$2,{"Leden","Únor","Březen","Duben","Květen","Červen","Červenec","Srpen","Září","Říjen","Listopad","Prosinec"},0))*IF($B$3="Vše",1,'Posouzení PREFIX'!AX6:AX205=VALUE($B$3))) -> 6 | D10: =IF(C42>0,C10/C42,0) -> 0.011070111 | E10: =SUM($D$7:D10) -> 0.11439114 | F10: =IFERROR(RANK(C10,C$7:C$41,0),"") -> 11 | I10: 4 | J10: =IFERROR(INDEX(A7:A41,MATCH(LARGE(O7:O41,4),O7:O41,0)),"–") -> KRSW | K10: =IFERROR(INDEX(B7:B41,MATCH(LARGE(O7:O41,4),O7:O41,0)),"–") -> Kragujevac - sewing | L10: =IFERROR(INDEX(C7:C41,MATCH(LARGE(O7:O41,4),O7:O41,0)),0) -> 36 | M10: =IFERROR(L10/C42,0) -> 0.066420664 | N10: =SUM($M$7:M10) -> 0.7103321 | O10: =C10+(1-ROW()*0.00001) -> 6.9999
A11: PDSP | B11: Deformovaný spacer | C11: =SUMPRODUCT(('Posouzení PREFIX'!F6:F205<>"")*('Posouzení PREFIX'!A6:A205<>"")*IF($B$2="Vše",1,'Posouzení PREFIX'!AW6:AW205=MATCH($B$2,{"Leden","Únor","Březen","Duben","Květen","Červen","Červenec","Srpen","Září","Říjen","Listopad","Prosinec"},0))*IF($B$3="Vše",1,'Posouzení PREFIX'!AX6:AX205=VALUE($B$3))) -> 28 | D11: =IF(C42>0,C11/C42,0) -> 0.051660517 | E11: =SUM($D$7:D11) -> 0.16605166 | F11: =IFERROR(RANK(C11,C$7:C$41,0),"") -> 7 | I11: 5 | J11: =IFERROR(INDEX(A7:A41,MATCH(LARGE(O7:O41,5),O7:O41,0)),"–") -> NRW | K11: =IFERROR(INDEX(B7:B41,MATCH(LARGE(O7:O41,5),O7:O41,0)),"–") -> NOK rework | L11: =IFERROR(INDEX(C7:C41,MATCH(LARGE(O7:O41,5),O7:O41,0)),0) -> 33 | M11: =IFERROR(L11/C42,0) -> 0.060885609 | N11: =SUM($M$7:M11) -> 0.77121771 | O11: =C11+(1-ROW()*0.00001) -> 28.99989
A12: PLPK | B12: Lepidlo pod kůží | C12: =SUMPRODUCT(('Posouzení PREFIX'!G6:G205<>"")*('Posouzení PREFIX'!A6:A205<>"")*IF($B$2="Vše",1,'Posouzení PREFIX'!AW6:AW205=MATCH($B$2,{"Leden","Únor","Březen","Duben","Květen","Červen","Červenec","Srpen","Září","Říjen","Listopad","Prosinec"},0))*IF($B$3="Vše",1,'Posouzení PREFIX'!AX6:AX205=VALUE($B$3))) -> 5 | D12: =IF(C42>0,C12/C42,0) -> 0.0092250923 | E12: =SUM($D$7:D12) -> 0.17527675 | F12: =IFERROR(RANK(C12,C$7:C$41,0),"") -> 12 | I12: 6 | J12: =IFERROR(INDEX(A7:A41,MATCH(LARGE(O7:O41,6),O7:O41,0)),"–") -> SSP2 | K12: =IFERROR(INDEX(B7:B41,MATCH(LARGE(O7:O41,6),O7:O41,0)),"–") -> Spálený spacer | L12: =IFERROR(INDEX(C7:C41,MATCH(LARGE(O7:O41,6),O7:O41,0)),0) -> 31 | M12: =IFERROR(L12/C42,0) -> 0.057195572 | N12: =SUM($M$7:M12) -> 0.82841328 | O12: =C12+(1-ROW()*0.00001) -> 5.99988
A13: PSNA | B13: Špatný nástřih | C13: =SUMPRODUCT(('Posouzení PREFIX'!H6:H205<>"")*('Posouzení PREFIX'!A6:A205<>"")*IF($B$2="Vše",1,'Posouzení PREFIX'!AW6:AW205=MATCH($B$2,{"Leden","Únor","Březen","Duben","Květen","Červen","Červenec","Srpen","Září","Říjen","Listopad","Prosinec"},0))*IF($B$3="Vše",1,'Posouzení PREFIX'!AX6:AX205=VALUE($B$3))) -> 9 | D13: =IF(C42>0,C13/C42,0) -> 0.016605166 | E13: =SUM($D$7:D13) -> 0.19188192 | F13: =IFERROR(RANK(C13,C$7:C$41,0),"") -> 9 | I13: 7 | J13: =IFERROR(INDEX(A7:A41,MATCH(LARGE(O7:O41,7),O7:O41,0)),"–") -> PDSP | K13: =IFERROR(INDEX(B7:B41,MATCH(LARGE(O7:O41,7),O7:O41,0)),"–") -> Deformovaný spacer | L13: =IFERROR(INDEX(C7:C41,MATCH(LARGE(O7:O41,7),O7:O41,0)),0) -> 28 | M13: =IFERROR(L13/C42,0) -> 0.051660517 | N13: =SUM($M$7:M13) -> 0.8800738 | O13: =C13+(1-ROW()*0.00001) -> 9.99987
A14: LEP | B14: Špatně nanesené lepidlo | C14: =SUMPRODUCT(('Posouzení PREFIX'!I6:I205<>"")*('Posouzení PREFIX'!A6:A205<>"")*IF($B$2="Vše",1,'Posouzení PREFIX'!AW6:AW205=MATCH($B$2,{"Leden","Únor","Březen","Duben","Květen","Červen","Červenec","Srpen","Září","Říjen","Listopad","Prosinec"},0))*IF($B$3="Vše",1,'Posouzení PREFIX'!AX6:AX205=VALUE($B$3))) -> 2 | D14: =IF(C42>0,C14/C42,0) -> 0.0036900369 | E14: =SUM($D$7:D14) -> 0.19557196 | F14: =IFERROR(RANK(C14,C$7:C$41,0),"") -> 13 | I14: 8 | J14: =IFERROR(INDEX(A7:A41,MATCH(LARGE(O7:O41,8),O7:O41,0)),"–") -> PMEP | K14: =IFERROR(INDEX(B7:B41,MATCH(LARGE(O7:O41,8),O7:O41,0)),"–") -> Mechanické poškození | L14: =IFERROR(INDEX(C7:C41,MATCH(LARGE(O7:O41,8),O7:O41,0)),0) -> 25 | M14: =IFERROR(L14/C42,0) -> 0.046125461 | N14: =SUM($M$7:M14) -> 0.92619926 | O14: =C14+(1-ROW()*0.00001) -> 2.99986
A15: PVZD | B15: Vzduch | C15: =SUMPRODUCT(('Posouzení PREFIX'!J6:J205<>"")*('Posouzení PREFIX'!A6:A205<>"")*IF($B$2="Vše",1,'Posouzení PREFIX'!AW6:AW205=MATCH($B$2,{"Leden","Únor","Březen","Duben","Květen","Červen","Červenec","Srpen","Září","Říjen","Listopad","Prosinec"},0))*IF($B$3="Vše",1,'Posouzení PREFIX'!AX6:AX205=VALUE($B$3))) -> 2 | D15: =IF(C42>0,C15/C42,0) -> 0.0036900369 | E15: =SUM($D$7:D15) -> 0.19926199 | F15: =IFERROR(RANK(C15,C$7:C$41,0),"") -> 13 | I15: 9 | J15: =IFERROR(INDEX(A7:A41,MATCH(LARGE(O7:O41,9),O7:O41,0)),"–") -> PSNA | K15: =IFERROR(INDEX(B7:B41,MATCH(LARGE(O7:O41,9),O7:O41,0)),"–") -> Špatný nástřih | L15: =IFERROR(INDEX(C7:C41,MATCH(LARGE(O7:O41,9),O7:O41,0)),0) -> 9 | M15: =IFERROR(L15/C42,0) -> 0.016605166 | N15: =SUM($M$7:M15) -> 0.94280443 | O15: =C15+(1-ROW()*0.00001) -> 2.99985
A16: PSMK | B16: Šev mimo kanál | C16: =SUMPRODUCT(('Posouzení PREFIX'!K6:K205<>"")*('Posouzení PREFIX'!A6:A205<>"")*IF($B$2="Vše",1,'Posouzení PREFIX'!AW6:AW205=MATCH($B$2,{"Leden","Únor","Březen","Duben","Květen","Červen","Červenec","Srpen","Září","Říjen","Listopad","Prosinec"},0))*IF($B$3="Vše",1,'Posouzení PREFIX'!AX6:AX205=VALUE($B$3))) -> 0 | D16: =IF(C42>0,C16/C42,0) -> 0 | E16: =SUM($D$7:D16) -> 0.19926199 | F16: =IFERROR(RANK(C16,C$7:C$41,0),"") -> 21 | I16: 10 | J16: =IFERROR(INDEX(A7:A41,MATCH(LARGE(O7:O41,10),O7:O41,0)),"–") -> PDEP | K16: =IFERROR(INDEX(B7:B41,MATCH(LARGE(O7:O41,10),O7:O41,0)),"–") -> Deformace plastu | L16: =IFERROR(INDEX(C7:C41,MATCH(LARGE(O7:O41,10),O7:O41,0)),0) -> 8 | M16: =IFERROR(L16/C42,0) -> 0.014760148 | N16: =SUM($M$7:M16) -> 0.95756458 | O16: =C16+(1-ROW()*0.00001) -> 0.99984
A17: ZVR | B17: Zvrásnění povrchu | C17: =SUMPRODUCT(('Posouzení PREFIX'!L6:L205<>"")*('Posouzení PREFIX'!A6:A205<>"")*IF($B$2="Vše",1,'Posouzení PREFIX'!AW6:AW205=MATCH($B$2,{"Leden","Únor","Březen","Duben","Květen","Červen","Červenec","Srpen","Září","Říjen","Listopad","Prosinec"},0))*IF($B$3="Vše",1,'Posouzení PREFIX'!AX6:AX205=VALUE($B$3))) -> 0 | D17: =IF(C42>0,C17/C42,0) -> 0 | E17: =SUM($D$7:D17) -> 0.19926199 | F17: =IFERROR(RANK(C17,C$7:C$41,0),"") -> 21 | I17: 11 | J17: =IFERROR(INDEX(A7:A41,MATCH(LARGE(O7:O41,11),O7:O41,0)),"–") -> PSKU | K17: =IFERROR(INDEX(B7:B41,MATCH(LARGE(O7:O41,11),O7:O41,0)),"–") -> Spálená kůže | L17: =IFERROR(INDEX(C7:C41,MATCH(LARGE(O7:O41,11),O7:O41,0)),0) -> 6 | M17: =IFERROR(L17/C42,0) -> 0.011070111 | N17: =SUM($M$7:M17) -> 0.96863469 | O17: =C17+(1-ROW()*0.00001) -> 0.99983
A18: LAB | B18: Testy laboratoř | C18: =SUMPRODUCT(('Posouzení PREFIX'!M6:M205<>"")*('Posouzení PREFIX'!A6:A205<>"")*IF($B$2="Vše",1,'Posouzení PREFIX'!AW6:AW205=MATCH($B$2,{"Leden","Únor","Březen","Duben","Květen","Červen","Červenec","Srpen","Září","Říjen","Listopad","Prosinec"},0))*IF($B$3="Vše",1,'Posouzení PREFIX'!AX6:AX205=VALUE($B$3))) -> 0 | D18: =IF(C42>0,C18/C42,0) -> 0 | E18: =SUM($D$7:D18) -> 0.19926199 | F18: =IFERROR(RANK(C18,C$7:C$41,0),"") -> 21 | I18: 12 | J18: =IFERROR(INDEX(A7:A41,MATCH(LARGE(O7:O41,12),O7:O41,0)),"–") -> PLPK | K18: =IFERROR(INDEX(B7:B41,MATCH(LARGE(O7:O41,12),O7:O41,0)),"–") -> Lepidlo pod kůží | L18: =IFERROR(INDEX(C7:C41,MATCH(LARGE(O7:O41,12),O7:O41,0)),0) -> 5 | M18: =IFERROR(L18/C42,0) -> 0.0092250923 | N18: =SUM($M$7:M18) -> 0.97785978 | O18: =C18+(1-ROW()*0.00001) -> 0.99982
A19: PKOL | B19: Kontaminace lepidlem | C19: =SUMPRODUCT(('Posouzení PREFIX'!N6:N205<>"")*('Posouzení PREFIX'!A6:A205<>"")*IF($B$2="Vše",1,'Posouzení PREFIX'!AW6:AW205=MATCH($B$2,{"Leden","Únor","Březen","Duben","Květen","Červen","Červenec","Srpen","Září","Říjen","Listopad","Prosinec"},0))*IF($B$3="Vše",1,'Posouzení PREFIX'!AX6:AX205=VALUE($B$3))) -> 0 | D19: =IF(C42>0,C19/C42,0) -> 0 | E19: =SUM($D$7:D19) -> 0.19926199 | F19: =IFERROR(RANK(C19,C$7:C$41,0),"") -> 21 | I19: 13 | J19: =IFERROR(INDEX(A7:A41,MATCH(LARGE(O7:O41,13),O7:O41,0)),"–") -> LEP | K19: =IFERROR(INDEX(B7:B41,MATCH(LARGE(O7:O41,13),O7:O41,0)),"–") -> Špatně nanesené lepidlo | L19: =IFERROR(INDEX(C7:C41,MATCH(LARGE(O7:O41,13),O7:O41,0)),0) -> 2 | M19: =IFERROR(L19/C42,0) -> 0.0036900369 | N19: =SUM($M$7:M19) -> 0.98154982 | O19: =C19+(1-ROW()*0.00001) -> 0.99981
A20: PELC | B20: Expirované lepidlo na MC | C20: =SUMPRODUCT(('Posouzení PREFIX'!O6:O205<>"")*('Posouzení PREFIX'!A6:A205<>"")*IF($B$2="Vše",1,'Posouzení PREFIX'!AW6:AW205=MATCH($B$2,{"Leden","Únor","Březen","Duben","Květen","Červen","Červenec","Srpen","Září","Říjen","Listopad","Prosinec"},0))*IF($B$3="Vše",1,'Posouzení PREFIX'!AX6:AX205=VALUE($B$3))) -> 2 | D20: =IF(C42>0,C20/C42,0) -> 0.0036900369 | E20: =SUM($D$7:D20) -> 0.20295203 | F20: =IFERROR(RANK(C20,C$7:C$41,0),"") -> 13 | I20: 14 | J20: =IFERROR(INDEX(A7:A41,MATCH(LARGE(O7:O41,14),O7:O41,0)),"–") -> PVZD | K20: =IFERROR(INDEX(B7:B41,MATCH(LARGE(O7:O41,14),O7:O41,0)),"–") -> Vzduch | L20: =IFERROR(INDEX(C7:C41,MATCH(LARGE(O7:O41,14),O7:O41,0)),0) -> 2 | M20: =IFERROR(L20/C42,0) -> 0.0036900369 | N20: =SUM($M$7:M20) -> 0.98523985 | O20: =C20+(1-ROW()*0.00001) -> 2.9998
A21: PDEP | B21: Deformace plastu | C21: =SUMPRODUCT(('Posouzení PREFIX'!P6:P205<>"")*('Posouzení PREFIX'!A6:A205<>"")*IF($B$2="Vše",1,'Posouzení PREFIX'!AW6:AW205=MATCH($B$2,{"Leden","Únor","Březen","Duben","Květen","Červen","Červenec","Srpen","Září","Říjen","Listopad","Prosinec"},0))*IF($B$3="Vše",1,'Posouzení PREFIX'!AX6:AX205=VALUE($B$3))) -> 8 | D21: =IF(C42>0,C21/C42,0) -> 0.014760148 | E21: =SUM($D$7:D21) -> 0.21771218 | F21: =IFERROR(RANK(C21,C$7:C$41,0),"") -> 10 | I21: 15 | J21: =IFERROR(INDEX(A7:A41,MATCH(LARGE(O7:O41,15),O7:O41,0)),"–") -> PELC | K21: =IFERROR(INDEX(B7:B41,MATCH(LARGE(O7:O41,15),O7:O41,0)),"–") -> Expirované lepidlo na MC | L21: =IFERROR(INDEX(C7:C41,MATCH(LARGE(O7:O41,15),O7:O41,0)),0) -> 2 | M21: =IFERROR(L21/C42,0) -> 0.0036900369 | N21: =SUM($M$7:M21) -> 0.98892989 | O21: =C21+(1-ROW()*0.00001) -> 8.99979
A22: PNHE | B22: Nefunkční heating | C22: =SUMPRODUCT(('Posouzení PREFIX'!Q6:Q205<>"")*('Posouzení PREFIX'!A6:A205<>"")*IF($B$2="Vše",1,'Posouzení PREFIX'!AW6:AW205=MATCH($B$2,{"Leden","Únor","Březen","Duben","Květen","Červen","Červenec","Srpen","Září","Říjen","Listopad","Prosinec"},0))*IF($B$3="Vše",1,'Posouzení PREFIX'!AX6:AX205=VALUE($B$3))) -> 0 | D22: =IF(C42>0,C22/C42,0) -> 0 | E22: =SUM($D$7:D22) -> 0.21771218 | F22: =IFERROR(RANK(C22,C$7:C$41,0),"") -> 21 | I22: 16 | J22: =IFERROR(INDEX(A7:A41,MATCH(LARGE(O7:O41,16),O7:O41,0)),"–") -> OTL | K22: =IFERROR(INDEX(B7:B41,MATCH(LARGE(O7:O41,16),O7:O41,0)),"–") -> Otlak | L22: =IFERROR(INDEX(C7:C41,MATCH(LARGE(O7:O41,16),O7:O41,0)),0) -> 2 | M22: =IFERROR(L22/C42,0) -> 0.0036900369 | N22: =SUM($M$7:M22) -> 0.99261993 | O22: =C22+(1-ROW()*0.00001) -> 0.99978
A23: OTL | B23: Otlak | C23: =SUMPRODUCT(('Posouzení PREFIX'!W6:W205<>"")*('Posouzení PREFIX'!A6:A205<>"")*IF($B$2="Vše",1,'Posouzení PREFIX'!AW6:AW205=MATCH($B$2,{"Leden","Únor","Březen","Duben","Květen","Červen","Červenec","Srpen","Září","Říjen","Listopad","Prosinec"},0))*IF($B$3="Vše",1,'Posouzení PREFIX'!AX6:AX205=VALUE($B$3))) -> 2 | D23: =IF(C42>0,C23/C42,0) -> 0.0036900369 | E23: =SUM($D$7:D23) -> 0.22140221 | F23: =IFERROR(RANK(C23,C$7:C$41,0),"") -> 13 | I23: 17 | J23: =IFERROR(INDEX(A7:A41,MATCH(LARGE(O7:O41,17),O7:O41,0)),"–") -> ZHN | K23: =IFERROR(INDEX(B7:B41,MATCH(LARGE(O7:O41,17),O7:O41,0)),"–") -> Zahranění NOK | L23: =IFERROR(INDEX(C7:C41,MATCH(LARGE(O7:O41,17),O7:O41,0)),0) -> 1 | M23: =IFERROR(L23/C42,0) -> 0.0018450185 | N23: =SUM($M$7:M23) -> 0.99446494 | O23: =C23+(1-ROW()*0.00001) -> 2.99977
A24: NRW | B24: NOK rework | C24: =SUMPRODUCT(('Posouzení PREFIX'!Y6:Y205<>"")*('Posouzení PREFIX'!A6:A205<>"")*IF($B$2="Vše",1,'Posouzení PREFIX'!AW6:AW205=MATCH($B$2,{"Leden","Únor","Březen","Duben","Květen","Červen","Červenec","Srpen","Září","Říjen","Listopad","Prosinec"},0))*IF($B$3="Vše",1,'Posouzení PREFIX'!AX6:AX205=VALUE($B$3))) -> 33 | D24: =IF(C42>0,C24/C42,0) -> 0.060885609 | E24: =SUM($D$7:D24) -> 0.28228782 | F24: =IFERROR(RANK(C24,C$7:C$41,0),"") -> 5 | I24: 18 | J24: =IFERROR(INDEX(A7:A41,MATCH(LARGE(O7:O41,18),O7:O41,0)),"–") -> PSZA | K24: =IFERROR(INDEX(B7:B41,MATCH(LARGE(O7:O41,18),O7:O41,0)),"–") -> Špatný zaříznutí | L24: =IFERROR(INDEX(C7:C41,MATCH(LARGE(O7:O41,18),O7:O41,0)),0) -> 1 | M24: =IFERROR(L24/C42,0) -> 0.0018450185 | N24: =SUM($M$7:M24) -> 0.99630996 | O24: =C24+(1-ROW()*0.00001) -> 33.99976
A25: SPF | B25: Špatný prefix | C25: =SUMPRODUCT(('Posouzení PREFIX'!Z6:Z205<>"")*('Posouzení PREFIX'!A6:A205<>"")*IF($B$2="Vše",1,'Posouzení PREFIX'!AW6:AW205=MATCH($B$2,{"Leden","Únor","Březen","Duben","Květen","Červen","Červenec","Srpen","Září","Říjen","Listopad","Prosinec"},0))*IF($B$3="Vše",1,'Posouzení PREFIX'!AX6:AX205=VALUE($B$3))) -> 70 | D25: =IF(C42>0,C25/C42,0) -> 0.12915129 | E25: =SUM($D$7:D25) -> 0.41143911 | F25: =IFERROR(RANK(C25,C$7:C$41,0),"") -> 3 | I25: 19 | J25: =IFERROR(INDEX(A7:A41,MATCH(LARGE(O7:O41,19),O7:O41,0)),"–") -> PSPC | K25: =IFERROR(INDEX(B7:B41,MATCH(LARGE(O7:O41,19),O7:O41,0)),"–") -> Špatný spacer | L25: =IFERROR(INDEX(C7:C41,MATCH(LARGE(O7:O41,19),O7:O41,0)),0) -> 1 | M25: =IFERROR(L25/C42,0) -> 0.0018450185 | N25: =SUM($M$7:M25) -> 0.99815498 | O25: =C25+(1-ROW()*0.00001) -> 70.99975
A26: DEL | B26: Delaminace (hrany) | C26: =SUMPRODUCT(('Posouzení PREFIX'!AA6:AA205<>"")*('Posouzení PREFIX'!A6:A205<>"")*IF($B$2="Vše",1,'Posouzení PREFIX'!AW6:AW205=MATCH($B$2,{"Leden","Únor","Březen","Duben","Květen","Červen","Červenec","Srpen","Září","Říjen","Listopad","Prosinec"},0))*IF($B$3="Vše",1,'Posouzení PREFIX'!AX6:AX205=VALUE($B$3))) -> 0 | D26: =IF(C42>0,C26/C42,0) -> 0 | E26: =SUM($D$7:D26) -> 0.41143911 | F26: =IFERROR(RANK(C26,C$7:C$41,0),"") -> 21 | I26: 20 | J26: =IFERROR(INDEX(A7:A41,MATCH(LARGE(O7:O41,20),O7:O41,0)),"–") -> PSGL | K26: =IFERROR(INDEX(B7:B41,MATCH(LARGE(O7:O41,20),O7:O41,0)),"–") -> Špatná gramáž lepidla | L26: =IFERROR(INDEX(C7:C41,MATCH(LARGE(O7:O41,20),O7:O41,0)),0) -> 1 | M26: =IFERROR(L26/C42,0) -> 0.0018450185 | N26: =SUM($M$7:M26) -> 1 | O26: =C26+(1-ROW()*0.00001) -> 0.99974
A27: PDEL | B27: Delaminace (plochy) | C27: =SUMPRODUCT(('Posouzení PREFIX'!AB6:AB205<>"")*('Posouzení PREFIX'!A6:A205<>"")*IF($B$2="Vše",1,'Posouzení PREFIX'!AW6:AW205=MATCH($B$2,{"Leden","Únor","Březen","Duben","Květen","Červen","Červenec","Srpen","Září","Říjen","Listopad","Prosinec"},0))*IF($B$3="Vše",1,'Posouzení PREFIX'!AX6:AX205=VALUE($B$3))) -> 0 | D27: =IF(C42>0,C27/C42,0) -> 0 | E27: =SUM($D$7:D27) -> 0.41143911 | F27: =IFERROR(RANK(C27,C$7:C$41,0),"") -> 21 | I27: 21 | J27: =IFERROR(INDEX(A7:A41,MATCH(LARGE(O7:O41,21),O7:O41,0)),"–") -> OHN2 | K27: =IFERROR(INDEX(B7:B41,MATCH(LARGE(O7:O41,21),O7:O41,0)),"–") -> Odřená hrana | L27: =IFERROR(INDEX(C7:C41,MATCH(LARGE(O7:O41,21),O7:O41,0)),0) -> 0 | M27: =IFERROR(L27/C42,0) -> 0 | N27: =SUM($M$7:M27) -> 1 | O27: =C27+(1-ROW()*0.00001) -> 0.99973
A28: ZHN | B28: Zahranění NOK | C28: =SUMPRODUCT(('Posouzení PREFIX'!AC6:AC205<>"")*('Posouzení PREFIX'!A6:A205<>"")*IF($B$2="Vše",1,'Posouzení PREFIX'!AW6:AW205=MATCH($B$2,{"Leden","Únor","Březen","Duben","Květen","Červen","Červenec","Srpen","Září","Říjen","Listopad","Prosinec"},0))*IF($B$3="Vše",1,'Posouzení PREFIX'!AX6:AX205=VALUE($B$3))) -> 1 | D28: =IF(C42>0,C28/C42,0) -> 0.0018450185 | E28: =SUM($D$7:D28) -> 0.41328413 | F28: =IFERROR(RANK(C28,C$7:C$41,0),"") -> 17 | I28: 22 | J28: =IFERROR(INDEX(A7:A41,MATCH(LARGE(O7:O41,22),O7:O41,0)),"–") -> PSMK | K28: =IFERROR(INDEX(B7:B41,MATCH(LARGE(O7:O41,22),O7:O41,0)),"–") -> Šev mimo kanál | L28: =IFERROR(INDEX(C7:C41,MATCH(LARGE(O7:O41,22),O7:O41,0)),0) -> 0 | M28: =IFERROR(L28/C42,0) -> 0 | N28: =SUM($M$7:M28) -> 1 | O28: =C28+(1-ROW()*0.00001) -> 1.99972
A29: PSZA | B29: Špatný zaříznutí | C29: =SUMPRODUCT(('Posouzení PREFIX'!AD6:AD205<>"")*('Posouzení PREFIX'!A6:A205<>"")*IF($B$2="Vše",1,'Posouzení PREFIX'!AW6:AW205=MATCH($B$2,{"Leden","Únor","Březen","Duben","Květen","Červen","Červenec","Srpen","Září","Říjen","Listopad","Prosinec"},0))*IF($B$3="Vše",1,'Posouzení PREFIX'!AX6:AX205=VALUE($B$3))) -> 1 | D29: =IF(C42>0,C29/C42,0) -> 0.0018450185 | E29: =SUM($D$7:D29) -> 0.41512915 | F29: =IFERROR(RANK(C29,C$7:C$41,0),"") -> 17 | I29: 23 | J29: =IFERROR(INDEX(A7:A41,MATCH(LARGE(O7:O41,23),O7:O41,0)),"–") -> ZVR | K29: =IFERROR(INDEX(B7:B41,MATCH(LARGE(O7:O41,23),O7:O41,0)),"–") -> Zvrásnění povrchu | L29: =IFERROR(INDEX(C7:C41,MATCH(LARGE(O7:O41,23),O7:O41,0)),0) -> 0 | M29: =IFERROR(L29/C42,0) -> 0 | N29: =SUM($M$7:M29) -> 1 | O29: =C29+(1-ROW()*0.00001) -> 1.99971
A30: ZNA | B30: Znečištění od ASQ | C30: =SUMPRODUCT(('Posouzení PREFIX'!AE6:AE205<>"")*('Posouzení PREFIX'!A6:A205<>"")*IF($B$2="Vše",1,'Posouzení PREFIX'!AW6:AW205=MATCH($B$2,{"Leden","Únor","Březen","Duben","Květen","Červen","Červenec","Srpen","Září","Říjen","Listopad","Prosinec"},0))*IF($B$3="Vše",1,'Posouzení PREFIX'!AX6:AX205=VALUE($B$3))) -> 0 | D30: =IF(C42>0,C30/C42,0) -> 0 | E30: =SUM($D$7:D30) -> 0.41512915 | F30: =IFERROR(RANK(C30,C$7:C$41,0),"") -> 21 | I30: 24 | J30: =IFERROR(INDEX(A7:A41,MATCH(LARGE(O7:O41,24),O7:O41,0)),"–") -> LAB | K30: =IFERROR(INDEX(B7:B41,MATCH(LARGE(O7:O41,24),O7:O41,0)),"–") -> Testy laboratoř | L30: =IFERROR(INDEX(C7:C41,MATCH(LARGE(O7:O41,24),O7:O41,0)),0) -> 0 | M30: =IFERROR(L30/C42,0) -> 0 | N30: =SUM($M$7:M30) -> 1 | O30: =C30+(1-ROW()*0.00001) -> 0.9997
A31: FLEK | B31: Flek | C31: =SUMPRODUCT(('Posouzení PREFIX'!AG6:AG205<>"")*('Posouzení PREFIX'!A6:A205<>"")*IF($B$2="Vše",1,'Posouzení PREFIX'!AW6:AW205=MATCH($B$2,{"Leden","Únor","Březen","Duben","Květen","Červen","Červenec","Srpen","Září","Říjen","Listopad","Prosinec"},0))*IF($B$3="Vše",1,'Posouzení PREFIX'!AX6:AX205=VALUE($B$3))) -> 0 | D31: =IF(C42>0,C31/C42,0) -> 0 | E31: =SUM($D$7:D31) -> 0.41512915 | F31: =IFERROR(RANK(C31,C$7:C$41,0),"") -> 21 | I31: 25 | J31: =IFERROR(INDEX(A7:A41,MATCH(LARGE(O7:O41,25),O7:O41,0)),"–") -> PKOL | K31: =IFERROR(INDEX(B7:B41,MATCH(LARGE(O7:O41,25),O7:O41,0)),"–") -> Kontaminace lepidlem | L31: =IFERROR(INDEX(C7:C41,MATCH(LARGE(O7:O41,25),O7:O41,0)),0) -> 0 | M31: =IFERROR(L31/C42,0) -> 0 | N31: =SUM($M$7:M31) -> 1 | O31: =C31+(1-ROW()*0.00001) -> 0.99969
A32: PSPC | B32: Špatný spacer | C32: =SUMPRODUCT(('Posouzení PREFIX'!AI6:AI205<>"")*('Posouzení PREFIX'!A6:A205<>"")*IF($B$2="Vše",1,'Posouzení PREFIX'!AW6:AW205=MATCH($B$2,{"Leden","Únor","Březen","Duben","Květen","Červen","Červenec","Srpen","Září","Říjen","Listopad","Prosinec"},0))*IF($B$3="Vše",1,'Posouzení PREFIX'!AX6:AX205=VALUE($B$3))) -> 1 | D32: =IF(C42>0,C32/C42,0) -> 0.0018450185 | E32: =SUM($D$7:D32) -> 0.41697417 | F32: =IFERROR(RANK(C32,C$7:C$41,0),"") -> 17 | I32: 26 | J32: =IFERROR(INDEX(A7:A41,MATCH(LARGE(O7:O41,26),O7:O41,0)),"–") -> PNHE | K32: =IFERROR(INDEX(B7:B41,MATCH(LARGE(O7:O41,26),O7:O41,0)),"–") -> Nefunkční heating | L32: =IFERROR(INDEX(C7:C41,MATCH(LARGE(O7:O41,26),O7:O41,0)),0) -> 0 | M32: =IFERROR(L32/C42,0) -> 0 | N32: =SUM($M$7:M32) -> 1 | O32: =C32+(1-ROW()*0.00001) -> 1.99968
A33: PSKZ | B33: Špatná kůže | C33: =SUMPRODUCT(('Posouzení PREFIX'!AJ6:AJ205<>"")*('Posouzení PREFIX'!A6:A205<>"")*IF($B$2="Vše",1,'Posouzení PREFIX'!AW6:AW205=MATCH($B$2,{"Leden","Únor","Březen","Duben","Květen","Červen","Červenec","Srpen","Září","Říjen","Listopad","Prosinec"},0))*IF($B$3="Vše",1,'Posouzení PREFIX'!AX6:AX205=VALUE($B$3))) -> 0 | D33: =IF(C42>0,C33/C42,0) -> 0 | E33: =SUM($D$7:D33) -> 0.41697417 | F33: =IFERROR(RANK(C33,C$7:C$41,0),"") -> 21 | I33: 27 | J33: =IFERROR(INDEX(A7:A41,MATCH(LARGE(O7:O41,27),O7:O41,0)),"–") -> DEL | K33: =IFERROR(INDEX(B7:B41,MATCH(LARGE(O7:O41,27),O7:O41,0)),"–") -> Delaminace (hrany) | L33: =IFERROR(INDEX(C7:C41,MATCH(LARGE(O7:O41,27),O7:O41,0)),0) -> 0 | M33: =IFERROR(L33/C42,0) -> 0 | N33: =SUM($M$7:M33) -> 1 | O33: =C33+(1-ROW()*0.00001) -> 0.99967
A34: PSHC | B34: Špatný heating spacer | C34: =SUMPRODUCT(('Posouzení PREFIX'!AK6:AK205<>"")*('Posouzení PREFIX'!A6:A205<>"")*IF($B$2="Vše",1,'Posouzení PREFIX'!AW6:AW205=MATCH($B$2,{"Leden","Únor","Březen","Duben","Květen","Červen","Červenec","Srpen","Září","Říjen","Listopad","Prosinec"},0))*IF($B$3="Vše",1,'Posouzení PREFIX'!AX6:AX205=VALUE($B$3))) -> 0 | D34: =IF(C42>0,C34/C42,0) -> 0 | E34: =SUM($D$7:D34) -> 0.41697417 | F34: =IFERROR(RANK(C34,C$7:C$41,0),"") -> 21 | I34: 28 | J34: =IFERROR(INDEX(A7:A41,MATCH(LARGE(O7:O41,28),O7:O41,0)),"–") -> PDEL | K34: =IFERROR(INDEX(B7:B41,MATCH(LARGE(O7:O41,28),O7:O41,0)),"–") -> Delaminace (plochy) | L34: =IFERROR(INDEX(C7:C41,MATCH(LARGE(O7:O41,28),O7:O41,0)),0) -> 0 | M34: =IFERROR(L34/C42,0) -> 0 | N34: =SUM($M$7:M34) -> 1 | O34: =C34+(1-ROW()*0.00001) -> 0.99966
A35: PSMC | B35: Špatný plastový MC | C35: =SUMPRODUCT(('Posouzení PREFIX'!AL6:AL205<>"")*('Posouzení PREFIX'!A6:A205<>"")*IF($B$2="Vše",1,'Posouzení PREFIX'!AW6:AW205=MATCH($B$2,{"Leden","Únor","Březen","Duben","Květen","Červen","Červenec","Srpen","Září","Říjen","Listopad","Prosinec"},0))*IF($B$3="Vše",1,'Posouzení PREFIX'!AX6:AX205=VALUE($B$3))) -> 0 | D35: =IF(C42>0,C35/C42,0) -> 0 | E35: =SUM($D$7:D35) -> 0.41697417 | F35: =IFERROR(RANK(C35,C$7:C$41,0),"") -> 21 | I35: 29 | J35: =IFERROR(INDEX(A7:A41,MATCH(LARGE(O7:O41,29),O7:O41,0)),"–") -> ZNA | K35: =IFERROR(INDEX(B7:B41,MATCH(LARGE(O7:O41,29),O7:O41,0)),"–") -> Znečištění od ASQ | L35: =IFERROR(INDEX(C7:C41,MATCH(LARGE(O7:O41,29),O7:O41,0)),0) -> 0 | M35: =IFERROR(L35/C42,0) -> 0 | N35: =SUM($M$7:M35) -> 1 | O35: =C35+(1-ROW()*0.00001) -> 0.99965
A36: PELS | B36: Expirované lepidlo na spaceru | C36: =SUMPRODUCT(('Posouzení PREFIX'!AN6:AN205<>"")*('Posouzení PREFIX'!A6:A205<>"")*IF($B$2="Vše",1,'Posouzení PREFIX'!AW6:AW205=MATCH($B$2,{"Leden","Únor","Březen","Duben","Květen","Červen","Červenec","Srpen","Září","Říjen","Listopad","Prosinec"},0))*IF($B$3="Vše",1,'Posouzení PREFIX'!AX6:AX205=VALUE($B$3))) -> 0 | D36: =IF(C42>0,C36/C42,0) -> 0 | E36: =SUM($D$7:D36) -> 0.41697417 | F36: =IFERROR(RANK(C36,C$7:C$41,0),"") -> 21 | I36: 30 | J36: =IFERROR(INDEX(A7:A41,MATCH(LARGE(O7:O41,30),O7:O41,0)),"–") -> FLEK | K36: =IFERROR(INDEX(B7:B41,MATCH(LARGE(O7:O41,30),O7:O41,0)),"–") -> Flek | L36: =IFERROR(INDEX(C7:C41,MATCH(LARGE(O7:O41,30),O7:O41,0)),0) -> 0 | M36: =IFERROR(L36/C42,0) -> 0 | N36: =SUM($M$7:M36) -> 1 | O36: =C36+(1-ROW()*0.00001) -> 0.99964
A37: PSGL | B37: Špatná gramáž lepidla | C37: =SUMPRODUCT(('Posouzení PREFIX'!AP6:AP205<>"")*('Posouzení PREFIX'!A6:A205<>"")*IF($B$2="Vše",1,'Posouzení PREFIX'!AW6:AW205=MATCH($B$2,{"Leden","Únor","Březen","Duben","Květen","Červen","Červenec","Srpen","Září","Říjen","Listopad","Prosinec"},0))*IF($B$3="Vše",1,'Posouzení PREFIX'!AX6:AX205=VALUE($B$3))) -> 1 | D37: =IF(C42>0,C37/C42,0) -> 0.0018450185 | E37: =SUM($D$7:D37) -> 0.41881919 | F37: =IFERROR(RANK(C37,C$7:C$41,0),"") -> 17 | I37: 31 | J37: =IFERROR(INDEX(A7:A41,MATCH(LARGE(O7:O41,31),O7:O41,0)),"–") -> PSKZ | K37: =IFERROR(INDEX(B7:B41,MATCH(LARGE(O7:O41,31),O7:O41,0)),"–") -> Špatná kůže | L37: =IFERROR(INDEX(C7:C41,MATCH(LARGE(O7:O41,31),O7:O41,0)),0) -> 0 | M37: =IFERROR(L37/C42,0) -> 0 | N37: =SUM($M$7:M37) -> 1 | O37: =C37+(1-ROW()*0.00001) -> 1.99963
A38: PSAL | B38: Špatně aktivované lepidlo | C38: =SUMPRODUCT(('Posouzení PREFIX'!AS6:AS205<>"")*('Posouzení PREFIX'!A6:A205<>"")*IF($B$2="Vše",1,'Posouzení PREFIX'!AW6:AW205=MATCH($B$2,{"Leden","Únor","Březen","Duben","Květen","Červen","Červenec","Srpen","Září","Říjen","Listopad","Prosinec"},0))*IF($B$3="Vše",1,'Posouzení PREFIX'!AX6:AX205=VALUE($B$3))) -> 0 | D38: =IF(C42>0,C38/C42,0) -> 0 | E38: =SUM($D$7:D38) -> 0.41881919 | F38: =IFERROR(RANK(C38,C$7:C$41,0),"") -> 21 | I38: 32 | J38: =IFERROR(INDEX(A7:A41,MATCH(LARGE(O7:O41,32),O7:O41,0)),"–") -> PSHC | K38: =IFERROR(INDEX(B7:B41,MATCH(LARGE(O7:O41,32),O7:O41,0)),"–") -> Špatný heating spacer | L38: =IFERROR(INDEX(C7:C41,MATCH(LARGE(O7:O41,32),O7:O41,0)),0) -> 0 | M38: =IFERROR(L38/C42,0) -> 0 | N38: =SUM($M$7:M38) -> 1 | O38: =C38+(1-ROW()*0.00001) -> 0.99962
A39: KRSW | B39: Kragujevac - sewing | C39: =SUMPRODUCT(('Posouzení PREFIX'!AT6:AT205<>"")*('Posouzení PREFIX'!A6:A205<>"")*IF($B$2="Vše",1,'Posouzení PREFIX'!AW6:AW205=MATCH($B$2,{"Leden","Únor","Březen","Duben","Květen","Červen","Červenec","Srpen","Září","Říjen","Listopad","Prosinec"},0))*IF($B$3="Vše",1,'Posouzení PREFIX'!AX6:AX205=VALUE($B$3))) -> 36 | D39: =IF(C42>0,C39/C42,0) -> 0.066420664 | E39: =SUM($D$7:D39) -> 0.48523985 | F39: =IFERROR(RANK(C39,C$7:C$41,0),"") -> 4 | I39: 33 | J39: =IFERROR(INDEX(A7:A41,MATCH(LARGE(O7:O41,33),O7:O41,0)),"–") -> PSMC | K39: =IFERROR(INDEX(B7:B41,MATCH(LARGE(O7:O41,33),O7:O41,0)),"–") -> Špatný plastový MC | L39: =IFERROR(INDEX(C7:C41,MATCH(LARGE(O7:O41,33),O7:O41,0)),0) -> 0 | M39: =IFERROR(L39/C42,0) -> 0 | N39: =SUM($M$7:M39) -> 1 | O39: =C39+(1-ROW()*0.00001) -> 36.99961
A40: KRSK | B40: Kragujevac - skin defect | C40: =SUMPRODUCT(('Posouzení PREFIX'!AU6:AU205<>"")*('Posouzení PREFIX'!A6:A205<>"")*IF($B$2="Vše",1,'Posouzení PREFIX'!AW6:AW205=MATCH($B$2,{"Leden","Únor","Březen","Duben","Květen","Červen","Červenec","Srpen","Září","Říjen","Listopad","Prosinec"},0))*IF($B$3="Vše",1,'Posouzení PREFIX'!AX6:AX205=VALUE($B$3))) -> 167 | D40: =IF(C42>0,C40/C42,0) -> 0.30811808 | E40: =SUM($D$7:D40) -> 0.79335793 | F40: =IFERROR(RANK(C40,C$7:C$41,0),"") -> 1 | I40: 34 | J40: =IFERROR(INDEX(A7:A41,MATCH(LARGE(O7:O41,34),O7:O41,0)),"–") -> PELS | K40: =IFERROR(INDEX(B7:B41,MATCH(LARGE(O7:O41,34),O7:O41,0)),"–") -> Expirované lepidlo na spaceru | L40: =IFERROR(INDEX(C7:C41,MATCH(LARGE(O7:O41,34),O7:O41,0)),0) -> 0 | M40: =IFERROR(L40/C42,0) -> 0 | N40: =SUM($M$7:M40) -> 1 | O40: =C40+(1-ROW()*0.00001) -> 167.9996
A41: KRSS | B41: Kragujevac - short skin | C41: =SUMPRODUCT(('Posouzení PREFIX'!AV6:AV205<>"")*('Posouzení PREFIX'!A6:A205<>"")*IF($B$2="Vše",1,'Posouzení PREFIX'!AW6:AW205=MATCH($B$2,{"Leden","Únor","Březen","Duben","Květen","Červen","Červenec","Srpen","Září","Říjen","Listopad","Prosinec"},0))*IF($B$3="Vše",1,'Posouzení PREFIX'!AX6:AX205=VALUE($B$3))) -> 112 | D41: =IF(C42>0,C41/C42,0) -> 0.20664207 | E41: =SUM($D$7:D41) -> 1 | F41: =IFERROR(RANK(C41,C$7:C$41,0),"") -> 2 | I41: 35 | J41: =IFERROR(INDEX(A7:A41,MATCH(LARGE(O7:O41,35),O7:O41,0)),"–") -> PSAL | K41: =IFERROR(INDEX(B7:B41,MATCH(LARGE(O7:O41,35),O7:O41,0)),"–") -> Špatně aktivované lepidlo | L41: =IFERROR(INDEX(C7:C41,MATCH(LARGE(O7:O41,35),O7:O41,0)),0) -> 0 | M41: =IFERROR(L41/C42,0) -> 0 | N41: =SUM($M$7:M41) -> 1 | O41: =C41+(1-ROW()*0.00001) -> 112.99959
A42: CELKEM | C42: =SUM(C7:C41) -> 542 | L42: =SUM(L7:L41) -> 542

Sheet Pareto SKLAD
A1: Pareto graf – SKLAD
A2: Filtrovat dle měsíce: | B2: Vše | E2: ← vyberte měsíc nebo nechte 'Vše'
A3: Filtrovat dle roku: | B3: Vše | E3: ← vyberte rok nebo nechte 'Vše'
A6: Kód vady | B6: Popis vady | C6: Počet MC | D6: % podíl | E6: Kumulativní % | F6: Pořadí | I6: # | J6: Kód vady | K6: Popis vady | L6: Počet MC | M6: % podíl | N6: Kum. % | O6: Skóre
A7: SSP2 | B7: Spálený spacer | C7: =SUMPRODUCT(('Posouzení SKLAD'!B6:B205<>"")*('Posouzení SKLAD'!A6:A205<>"")*IF($B$2="Vše",1,'Posouzení SKLAD'!AX6:AX205=MATCH($B$2,{"Leden","Únor","Březen","Duben","Květen","Červen","Červenec","Srpen","Září","Říjen","Listopad","Prosinec"},0))*IF($B$3="Vše",1,'Posouzení SKLAD'!AY6:AY205=VALUE($B$3))) -> 9 | D7: =IF(C38>0,C7/C38,0) -> 0.016129032 | E7: =D7 -> 0.016129032 | F7: =IFERROR(RANK(C7,C$7:C$37,0),"") -> 9 | I7: 1 | J7: =IFERROR(INDEX(A7:A37,MATCH(LARGE(O7:O37,1),O7:O37,0)),"–") -> KRSK | K7: =IFERROR(INDEX(B7:B37,MATCH(LARGE(O7:O37,1),O7:O37,0)),"–") -> Kragujevac - skin defect | L7: =IFERROR(INDEX(C7:C37,MATCH(LARGE(O7:O37,1),O7:O37,0)),0) -> 129 | M7: =IFERROR(L7/C38,0) -> 0.2311828 | N7: =M7 -> 0.2311828 | O7: =C7+(1-ROW()*0.00001) -> 9.99993
A8: PMEP | B8: Mechanické poškození | C8: =SUMPRODUCT(('Posouzení SKLAD'!C6:C205<>"")*('Posouzení SKLAD'!A6:A205<>"")*IF($B$2="Vše",1,'Posouzení SKLAD'!AX6:AX205=MATCH($B$2,{"Leden","Únor","Březen","Duben","Květen","Červen","Červenec","Srpen","Září","Říjen","Listopad","Prosinec"},0))*IF($B$3="Vše",1,'Posouzení SKLAD'!AY6:AY205=VALUE($B$3))) -> 32 | D8: =IF(C38>0,C8/C38,0) -> 0.05734767 | E8: =SUM($D$7:D8) -> 0.073476703 | F8: =IFERROR(RANK(C8,C$7:C$37,0),"") -> 6 | I8: 2 | J8: =IFERROR(INDEX(A7:A37,MATCH(LARGE(O7:O37,2),O7:O37,0)),"–") -> PDSP | K8: =IFERROR(INDEX(B7:B37,MATCH(LARGE(O7:O37,2),O7:O37,0)),"–") -> Deformovaný spacer | L8: =IFERROR(INDEX(C7:C37,MATCH(LARGE(O7:O37,2),O7:O37,0)),0) -> 115 | M8: =IFERROR(L8/C38,0) -> 0.20609319 | N8: =SUM($M$7:M8) -> 0.43727599 | O8: =C8+(1-ROW()*0.00001) -> 32.99992
A9: OHN2 | B9: Odřená hrana | C9: =SUMPRODUCT(('Posouzení SKLAD'!D6:D205<>"")*('Posouzení SKLAD'!A6:A205<>"")*IF($B$2="Vše",1,'Posouzení SKLAD'!AX6:AX205=MATCH($B$2,{"Leden","Únor","Březen","Duben","Květen","Červen","Červenec","Srpen","Září","Říjen","Listopad","Prosinec"},0))*IF($B$3="Vše",1,'Posouzení SKLAD'!AY6:AY205=VALUE($B$3))) -> 0 | D9: =IF(C38>0,C9/C38,0) -> 0 | E9: =SUM($D$7:D9) -> 0.073476703 | F9: =IFERROR(RANK(C9,C$7:C$37,0),"") -> 18 | I9: 3 | J9: =IFERROR(INDEX(A7:A37,MATCH(LARGE(O7:O37,3),O7:O37,0)),"–") -> PVZD | K9: =IFERROR(INDEX(B7:B37,MATCH(LARGE(O7:O37,3),O7:O37,0)),"–") -> Vzduch | L9: =IFERROR(INDEX(C7:C37,MATCH(LARGE(O7:O37,3),O7:O37,0)),0) -> 99 | M9: =IFERROR(L9/C38,0) -> 0.17741935 | N9: =SUM($M$7:M9) -> 0.61469534 | O9: =C9+(1-ROW()*0.00001) -> 0.99991
A10: PSKU | B10: Spálená kůže | C10: =SUMPRODUCT(('Posouzení SKLAD'!E6:E205<>"")*('Posouzení SKLAD'!A6:A205<>"")*IF($B$2="Vše",1,'Posouzení SKLAD'!AX6:AX205=MATCH($B$2,{"Leden","Únor","Březen","Duben","Květen","Červen","Červenec","Srpen","Září","Říjen","Listopad","Prosinec"},0))*IF($B$3="Vše",1,'Posouzení SKLAD'!AY6:AY205=VALUE($B$3))) -> 7 | D10: =IF(C38>0,C10/C38,0) -> 0.012544803 | E10: =SUM($D$7:D10) -> 0.086021505 | F10: =IFERROR(RANK(C10,C$7:C$37,0),"") -> 10 | I10: 4 | J10: =IFERROR(INDEX(A7:A37,MATCH(LARGE(O7:O37,4),O7:O37,0)),"–") -> SPF | K10: =IFERROR(INDEX(B7:B37,MATCH(LARGE(O7:O37,4),O7:O37,0)),"–") -> Špatný prefix | L10: =IFERROR(INDEX(C7:C37,MATCH(LARGE(O7:O37,4),O7:O37,0)),0) -> 48 | M10: =IFERROR(L10/C38,0) -> 0.086021505 | N10: =SUM($M$7:M10) -> 0.70071685 | O10: =C10+(1-ROW()*0.00001) -> 7.9999
A11: PDSP | B11: Deformovaný spacer | C11: =SUMPRODUCT(('Posouzení SKLAD'!F6:F205<>"")*('Posouzení SKLAD'!A6:A205<>"")*IF($B$2="Vše",1,'Posouzení SKLAD'!AX6:AX205=MATCH($B$2,{"Leden","Únor","Březen","Duben","Květen","Červen","Červenec","Srpen","Září","Říjen","Listopad","Prosinec"},0))*IF($B$3="Vše",1,'Posouzení SKLAD'!AY6:AY205=VALUE($B$3))) -> 115 | D11: =IF(C38>0,C11/C38,0) -> 0.20609319 | E11: =SUM($D$7:D11) -> 0.2921147 | F11: =IFERROR(RANK(C11,C$7:C$37,0),"") -> 2 | I11: 5 | J11: =IFERROR(INDEX(A7:A37,MATCH(LARGE(O7:O37,5),O7:O37,0)),"–") -> NRW | K11: =IFERROR(INDEX(B7:B37,MATCH(LARGE(O7:O37,5),O7:O37,0)),"–") -> NOK rework | L11: =IFERROR(INDEX(C7:C37,MATCH(LARGE(O7:O37,5),O7:O37,0)),0) -> 35 | M11: =IFERROR(L11/C38,0) -> 0.062724014 | N11: =SUM($M$7:M11) -> 0.76344086 | O11: =C11+(1-ROW()*0.00001) -> 115.99989
A12: PSNA | B12: Špatný nástřih | C12: =SUMPRODUCT(('Posouzení SKLAD'!AS6:AS205<>"")*('Posouzení SKLAD'!A6:A205<>"")*IF($B$2="Vše",1,'Posouzení SKLAD'!AX6:AX205=MATCH($B$2,{"Leden","Únor","Březen","Duben","Květen","Červen","Červenec","Srpen","Září","Říjen","Listopad","Prosinec"},0))*IF($B$3="Vše",1,'Posouzení SKLAD'!AY6:AY205=VALUE($B$3))) -> 5 | D12: =IF(C38>0,C12/C38,0) -> 0.0089605735 | E12: =SUM($D$7:D12) -> 0.30107527 | F12: =IFERROR(RANK(C12,C$7:C$37,0),"") -> 12 | I12: 6 | J12: =IFERROR(INDEX(A7:A37,MATCH(LARGE(O7:O37,6),O7:O37,0)),"–") -> PMEP | K12: =IFERROR(INDEX(B7:B37,MATCH(LARGE(O7:O37,6),O7:O37,0)),"–") -> Mechanické poškození | L12: =IFERROR(INDEX(C7:C37,MATCH(LARGE(O7:O37,6),O7:O37,0)),0) -> 32 | M12: =IFERROR(L12/C38,0) -> 0.05734767 | N12: =SUM($M$7:M12) -> 0.82078853 | O12: =C12+(1-ROW()*0.00001) -> 5.99988
A13: LEP | B13: Špatně nanesené lepidlo | C13: =SUMPRODUCT(('Posouzení SKLAD'!H6:H205<>"")*('Posouzení SKLAD'!A6:A205<>"")*IF($B$2="Vše",1,'Posouzení SKLAD'!AX6:AX205=MATCH($B$2,{"Leden","Únor","Březen","Duben","Květen","Červen","Červenec","Srpen","Září","Říjen","Listopad","Prosinec"},0))*IF($B$3="Vše",1,'Posouzení SKLAD'!AY6:AY205=VALUE($B$3))) -> 3 | D13: =IF(C38>0,C13/C38,0) -> 0.0053763441 | E13: =SUM($D$7:D13) -> 0.30645161 | F13: =IFERROR(RANK(C13,C$7:C$37,0),"") -> 15 | I13: 7 | J13: =IFERROR(INDEX(A7:A37,MATCH(LARGE(O7:O37,7),O7:O37,0)),"–") -> KRSS | K13: =IFERROR(INDEX(B7:B37,MATCH(LARGE(O7:O37,7),O7:O37,0)),"–") -> Kragujevac - short skin | L13: =IFERROR(INDEX(C7:C37,MATCH(LARGE(O7:O37,7),O7:O37,0)),0) -> 29 | M13: =IFERROR(L13/C38,0) -> 0.051971326 | N13: =SUM($M$7:M13) -> 0.87275986 | O13: =C13+(1-ROW()*0.00001) -> 3.99987
A14: PVZD | B14: Vzduch | C14: =SUMPRODUCT(('Posouzení SKLAD'!I6:I205<>"")*('Posouzení SKLAD'!A6:A205<>"")*IF($B$2="Vše",1,'Posouzení SKLAD'!AX6:AX205=MATCH($B$2,{"Leden","Únor","Březen","Duben","Květen","Červen","Červenec","Srpen","Září","Říjen","Listopad","Prosinec"},0))*IF($B$3="Vše",1,'Posouzení SKLAD'!AY6:AY205=VALUE($B$3))) -> 99 | D14: =IF(C38>0,C14/C38,0) -> 0.17741935 | E14: =SUM($D$7:D14) -> 0.48387097 | F14: =IFERROR(RANK(C14,C$7:C$37,0),"") -> 3 | I14: 8 | J14: =IFERROR(INDEX(A7:A37,MATCH(LARGE(O7:O37,8),O7:O37,0)),"–") -> KRSW | K14: =IFERROR(INDEX(B7:B37,MATCH(LARGE(O7:O37,8),O7:O37,0)),"–") -> Kragujevac - sewing | L14: =IFERROR(INDEX(C7:C37,MATCH(LARGE(O7:O37,8),O7:O37,0)),0) -> 28 | M14: =IFERROR(L14/C38,0) -> 0.050179211 | N14: =SUM($M$7:M14) -> 0.92293907 | O14: =C14+(1-ROW()*0.00001) -> 99.99986
A15: PSMK | B15: Šev mimo kanál | C15: =SUMPRODUCT(('Posouzení SKLAD'!J6:J205<>"")*('Posouzení SKLAD'!A6:A205<>"")*IF($B$2="Vše",1,'Posouzení SKLAD'!AX6:AX205=MATCH($B$2,{"Leden","Únor","Březen","Duben","Květen","Červen","Červenec","Srpen","Září","Říjen","Listopad","Prosinec"},0))*IF($B$3="Vše",1,'Posouzení SKLAD'!AY6:AY205=VALUE($B$3))) -> 0 | D15: =IF(C38>0,C15/C38,0) -> 0 | E15: =SUM($D$7:D15) -> 0.48387097 | F15: =IFERROR(RANK(C15,C$7:C$37,0),"") -> 18 | I15: 9 | J15: =IFERROR(INDEX(A7:A37,MATCH(LARGE(O7:O37,9),O7:O37,0)),"–") -> SSP2 | K15: =IFERROR(INDEX(B7:B37,MATCH(LARGE(O7:O37,9),O7:O37,0)),"–") -> Spálený spacer | L15: =IFERROR(INDEX(C7:C37,MATCH(LARGE(O7:O37,9),O7:O37,0)),0) -> 9 | M15: =IFERROR(L15/C38,0) -> 0.016129032 | N15: =SUM($M$7:M15) -> 0.9390681 | O15: =C15+(1-ROW()*0.00001) -> 0.99985
A16: ZVR | B16: Zvrásnění povrchu | C16: =SUMPRODUCT(('Posouzení SKLAD'!K6:K205<>"")*('Posouzení SKLAD'!A6:A205<>"")*IF($B$2="Vše",1,'Posouzení SKLAD'!AX6:AX205=MATCH($B$2,{"Leden","Únor","Březen","Duben","Květen","Červen","Červenec","Srpen","Září","Říjen","Listopad","Prosinec"},0))*IF($B$3="Vše",1,'Posouzení SKLAD'!AY6:AY205=VALUE($B$3))) -> 4 | D16: =IF(C38>0,C16/C38,0) -> 0.0071684588 | E16: =SUM($D$7:D16) -> 0.49103943 | F16: =IFERROR(RANK(C16,C$7:C$37,0),"") -> 13 | I16: 10 | J16: =IFERROR(INDEX(A7:A37,MATCH(LARGE(O7:O37,10),O7:O37,0)),"–") -> PSKU | K16: =IFERROR(INDEX(B7:B37,MATCH(LARGE(O7:O37,10),O7:O37,0)),"–") -> Spálená kůže | L16: =IFERROR(INDEX(C7:C37,MATCH(LARGE(O7:O37,10),O7:O37,0)),0) -> 7 | M16: =IFERROR(L16/C38,0) -> 0.012544803 | N16: =SUM($M$7:M16) -> 0.9516129 | O16: =C16+(1-ROW()*0.00001) -> 4.99984
A17: LAB | B17: Testy laboratoř | C17: =SUMPRODUCT(('Posouzení SKLAD'!L6:L205<>"")*('Posouzení SKLAD'!A6:A205<>"")*IF($B$2="Vše",1,'Posouzení SKLAD'!AX6:AX205=MATCH($B$2,{"Leden","Únor","Březen","Duben","Květen","Červen","Červenec","Srpen","Září","Říjen","Listopad","Prosinec"},0))*IF($B$3="Vše",1,'Posouzení SKLAD'!AY6:AY205=VALUE($B$3))) -> 0 | D17: =IF(C38>0,C17/C38,0) -> 0 | E17: =SUM($D$7:D17) -> 0.49103943 | F17: =IFERROR(RANK(C17,C$7:C$37,0),"") -> 18 | I17: 11 | J17: =IFERROR(INDEX(A7:A37,MATCH(LARGE(O7:O37,11),O7:O37,0)),"–") -> PDEP | K17: =IFERROR(INDEX(B7:B37,MATCH(LARGE(O7:O37,11),O7:O37,0)),"–") -> Deformace plastu | L17: =IFERROR(INDEX(C7:C37,MATCH(LARGE(O7:O37,11),O7:O37,0)),0) -> 7 | M17: =IFERROR(L17/C38,0) -> 0.012544803 | N17: =SUM($M$7:M17) -> 0.96415771 | O17: =C17+(1-ROW()*0.00001) -> 0.99983
A18: PKOL | B18: Kontaminace lepidlem | C18: =SUMPRODUCT(('Posouzení SKLAD'!M6:M205<>"")*('Posouzení SKLAD'!A6:A205<>"")*IF($B$2="Vše",1,'Posouzení SKLAD'!AX6:AX205=MATCH($B$2,{"Leden","Únor","Březen","Duben","Květen","Červen","Červenec","Srpen","Září","Říjen","Listopad","Prosinec"},0))*IF($B$3="Vše",1,'Posouzení SKLAD'!AY6:AY205=VALUE($B$3))) -> 0 | D18: =IF(C38>0,C18/C38,0) -> 0 | E18: =SUM($D$7:D18) -> 0.49103943 | F18: =IFERROR(RANK(C18,C$7:C$37,0),"") -> 18 | I18: 12 | J18: =IFERROR(INDEX(A7:A37,MATCH(LARGE(O7:O37,12),O7:O37,0)),"–") -> PSNA | K18: =IFERROR(INDEX(B7:B37,MATCH(LARGE(O7:O37,12),O7:O37,0)),"–") -> Špatný nástřih | L18: =IFERROR(INDEX(C7:C37,MATCH(LARGE(O7:O37,12),O7:O37,0)),0) -> 5 | M18: =IFERROR(L18/C38,0) -> 0.0089605735 | N18: =SUM($M$7:M18) -> 0.97311828 | O18: =C18+(1-ROW()*0.00001) -> 0.99982
A19: PELC | B19: Expirované lepidlo na MC | C19: =SUMPRODUCT(('Posouzení SKLAD'!N6:N205<>"")*('Posouzení SKLAD'!A6:A205<>"")*IF($B$2="Vše",1,'Posouzení SKLAD'!AX6:AX205=MATCH($B$2,{"Leden","Únor","Březen","Duben","Květen","Červen","Červenec","Srpen","Září","Říjen","Listopad","Prosinec"},0))*IF($B$3="Vše",1,'Posouzení SKLAD'!AY6:AY205=VALUE($B$3))) -> 0 | D19: =IF(C38>0,C19/C38,0) -> 0 | E19: =SUM($D$7:D19) -> 0.49103943 | F19: =IFERROR(RANK(C19,C$7:C$37,0),"") -> 18 | I19: 13 | J19: =IFERROR(INDEX(A7:A37,MATCH(LARGE(O7:O37,13),O7:O37,0)),"–") -> ZVR | K19: =IFERROR(INDEX(B7:B37,MATCH(LARGE(O7:O37,13),O7:O37,0)),"–") -> Zvrásnění povrchu | L19: =IFERROR(INDEX(C7:C37,MATCH(LARGE(O7:O37,13),O7:O37,0)),0) -> 4 | M19: =IFERROR(L19/C38,0) -> 0.0071684588 | N19: =SUM($M$7:M19) -> 0.98028674 | O19: =C19+(1-ROW()*0.00001) -> 0.99981
A20: PDEP | B20: Deformace plastu | C20: =SUMPRODUCT(('Posouzení SKLAD'!O6:O205<>"")*('Posouzení SKLAD'!A6:A205<>"")*IF($B$2="Vše",1,'Posouzení SKLAD'!AX6:AX205=MATCH($B$2,{"Leden","Únor","Březen","Duben","Květen","Červen","Červenec","Srpen","Září","Říjen","Listopad","Prosinec"},0))*IF($B$3="Vše",1,'Posouzení SKLAD'!AY6:AY205=VALUE($B$3))) -> 7 | D20: =IF(C38>0,C20/C38,0) -> 0.012544803 | E20: =SUM($D$7:D20) -> 0.50358423 | F20: =IFERROR(RANK(C20,C$7:C$37,0),"") -> 10 | I20: 14 | J20: =IFERROR(INDEX(A7:A37,MATCH(LARGE(O7:O37,14),O7:O37,0)),"–") -> OTL | K20: =IFERROR(INDEX(B7:B37,MATCH(LARGE(O7:O37,14),O7:O37,0)),"–") -> Otlak | L20: =IFERROR(INDEX(C7:C37,MATCH(LARGE(O7:O37,14),O7:O37,0)),0) -> 4 | M20: =IFERROR(L20/C38,0) -> 0.0071684588 | N20: =SUM($M$7:M20) -> 0.9874552 | O20: =C20+(1-ROW()*0.00001) -> 7.9998
A21: PNHE | B21: Nefunkční heating | C21: =SUMPRODUCT(('Posouzení SKLAD'!P6:P205<>"")*('Posouzení SKLAD'!A6:A205<>"")*IF($B$2="Vše",1,'Posouzení SKLAD'!AX6:AX205=MATCH($B$2,{"Leden","Únor","Březen","Duben","Květen","Červen","Červenec","Srpen","Září","Říjen","Listopad","Prosinec"},0))*IF($B$3="Vše",1,'Posouzení SKLAD'!AY6:AY205=VALUE($B$3))) -> 0 | D21: =IF(C38>0,C21/C38,0) -> 0 | E21: =SUM($D$7:D21) -> 0.50358423 | F21: =IFERROR(RANK(C21,C$7:C$37,0),"") -> 18 | I21: 15 | J21: =IFERROR(INDEX(A7:A37,MATCH(LARGE(O7:O37,15),O7:O37,0)),"–") -> LEP | K21: =IFERROR(INDEX(B7:B37,MATCH(LARGE(O7:O37,15),O7:O37,0)),"–") -> Špatně nanesené lepidlo | L21: =IFERROR(INDEX(C7:C37,MATCH(LARGE(O7:O37,15),O7:O37,0)),0) -> 3 | M21: =IFERROR(L21/C38,0) -> 0.0053763441 | N21: =SUM($M$7:M21) -> 0.99283154 | O21: =C21+(1-ROW()*0.00001) -> 0.99979
A22: OTL | B22: Otlak | C22: =SUMPRODUCT(('Posouzení SKLAD'!V6:V205<>"")*('Posouzení SKLAD'!A6:A205<>"")*IF($B$2="Vše",1,'Posouzení SKLAD'!AX6:AX205=MATCH($B$2,{"Leden","Únor","Březen","Duben","Květen","Červen","Červenec","Srpen","Září","Říjen","Listopad","Prosinec"},0))*IF($B$3="Vše",1,'Posouzení SKLAD'!AY6:AY205=VALUE($B$3))) -> 4 | D22: =IF(C38>0,C22/C38,0) -> 0.0071684588 | E22: =SUM($D$7:D22) -> 0.51075269 | F22: =IFERROR(RANK(C22,C$7:C$37,0),"") -> 13 | I22: 16 | J22: =IFERROR(INDEX(A7:A37,MATCH(LARGE(O7:O37,16),O7:O37,0)),"–") -> FLEK | K22: =IFERROR(INDEX(B7:B37,MATCH(LARGE(O7:O37,16),O7:O37,0)),"–") -> Flek | L22: =IFERROR(INDEX(C7:C37,MATCH(LARGE(O7:O37,16),O7:O37,0)),0) -> 3 | M22: =IFERROR(L22/C38,0) -> 0.0053763441 | N22: =SUM($M$7:M22) -> 0.99820789 | O22: =C22+(1-ROW()*0.00001) -> 4.99978
A23: NRW | B23: NOK rework | C23: =SUMPRODUCT(('Posouzení SKLAD'!W6:W205<>"")*('Posouzení SKLAD'!A6:A205<>"")*IF($B$2="Vše",1,'Posouzení SKLAD'!AX6:AX205=MATCH($B$2,{"Leden","Únor","Březen","Duben","Květen","Červen","Červenec","Srpen","Září","Říjen","Listopad","Prosinec"},0))*IF($B$3="Vše",1,'Posouzení SKLAD'!AY6:AY205=VALUE($B$3))) -> 35 | D23: =IF(C38>0,C23/C38,0) -> 0.062724014 | E23: =SUM($D$7:D23) -> 0.5734767 | F23: =IFERROR(RANK(C23,C$7:C$37,0),"") -> 5 | I23: 17 | J23: =IFERROR(INDEX(A7:A37,MATCH(LARGE(O7:O37,17),O7:O37,0)),"–") -> PSKZ | K23: =IFERROR(INDEX(B7:B37,MATCH(LARGE(O7:O37,17),O7:O37,0)),"–") -> Špatná kůže | L23: =IFERROR(INDEX(C7:C37,MATCH(LARGE(O7:O37,17),O7:O37,0)),0) -> 1 | M23: =IFERROR(L23/C38,0) -> 0.0017921147 | N23: =SUM($M$7:M23) -> 1 | O23: =C23+(1-ROW()*0.00001) -> 35.99977
A24: SPF | B24: Špatný prefix | C24: =SUMPRODUCT(('Posouzení SKLAD'!X6:X205<>"")*('Posouzení SKLAD'!A6:A205<>"")*IF($B$2="Vše",1,'Posouzení SKLAD'!AX6:AX205=MATCH($B$2,{"Leden","Únor","Březen","Duben","Květen","Červen","Červenec","Srpen","Září","Říjen","Listopad","Prosinec"},0))*IF($B$3="Vše",1,'Posouzení SKLAD'!AY6:AY205=VALUE($B$3))) -> 48 | D24: =IF(C38>0,C24/C38,0) -> 0.086021505 | E24: =SUM($D$7:D24) -> 0.65949821 | F24: =IFERROR(RANK(C24,C$7:C$37,0),"") -> 4 | I24: 18 | J24: =IFERROR(INDEX(A7:A37,MATCH(LARGE(O7:O37,18),O7:O37,0)),"–") -> OHN2 | K24: =IFERROR(INDEX(B7:B37,MATCH(LARGE(O7:O37,18),O7:O37,0)),"–") -> Odřená hrana | L24: =IFERROR(INDEX(C7:C37,MATCH(LARGE(O7:O37,18),O7:O37,0)),0) -> 0 | M24: =IFERROR(L24/C38,0) -> 0 | N24: =SUM($M$7:M24) -> 1 | O24: =C24+(1-ROW()*0.00001) -> 48.99976
A25: DEL | B25: Delaminace (hrany) | C25: =SUMPRODUCT(('Posouzení SKLAD'!Z6:Z205<>"")*('Posouzení SKLAD'!A6:A205<>"")*IF($B$2="Vše",1,'Posouzení SKLAD'!AX6:AX205=MATCH($B$2,{"Leden","Únor","Březen","Duben","Květen","Červen","Červenec","Srpen","Září","Říjen","Listopad","Prosinec"},0))*IF($B$3="Vše",1,'Posouzení SKLAD'!AY6:AY205=VALUE($B$3))) -> 0 | D25: =IF(C38>0,C25/C38,0) -> 0 | E25: =SUM($D$7:D25) -> 0.65949821 | F25: =IFERROR(RANK(C25,C$7:C$37,0),"") -> 18 | I25: 19 | J25: =IFERROR(INDEX(A7:A37,MATCH(LARGE(O7:O37,19),O7:O37,0)),"–") -> PSMK | K25: =IFERROR(INDEX(B7:B37,MATCH(LARGE(O7:O37,19),O7:O37,0)),"–") -> Šev mimo kanál | L25: =IFERROR(INDEX(C7:C37,MATCH(LARGE(O7:O37,19),O7:O37,0)),0) -> 0 | M25: =IFERROR(L25/C38,0) -> 0 | N25: =SUM($M$7:M25) -> 1 | O25: =C25+(1-ROW()*0.00001) -> 0.99975
A26: PDEL | B26: Delaminace (plochy) | C26: =SUMPRODUCT(('Posouzení SKLAD'!AA6:AA205<>"")*('Posouzení SKLAD'!A6:A205<>"")*IF($B$2="Vše",1,'Posouzení SKLAD'!AX6:AX205=MATCH($B$2,{"Leden","Únor","Březen","Duben","Květen","Červen","Červenec","Srpen","Září","Říjen","Listopad","Prosinec"},0))*IF($B$3="Vše",1,'Posouzení SKLAD'!AY6:AY205=VALUE($B$3))) -> 0 | D26: =IF(C38>0,C26/C38,0) -> 0 | E26: =SUM($D$7:D26) -> 0.65949821 | F26: =IFERROR(RANK(C26,C$7:C$37,0),"") -> 18 | I26: 20 | J26: =IFERROR(INDEX(A7:A37,MATCH(LARGE(O7:O37,20),O7:O37,0)),"–") -> LAB | K26: =IFERROR(INDEX(B7:B37,MATCH(LARGE(O7:O37,20),O7:O37,0)),"–") -> Testy laboratoř | L26: =IFERROR(INDEX(C7:C37,MATCH(LARGE(O7:O37,20),O7:O37,0)),0) -> 0 | M26: =IFERROR(L26/C38,0) -> 0 | N26: =SUM($M$7:M26) -> 1 | O26: =C26+(1-ROW()*0.00001) -> 0.99974
A27: ZHN | B27: Zahranění NOK | C27: =SUMPRODUCT(('Posouzení SKLAD'!AB6:AB205<>"")*('Posouzení SKLAD'!A6:A205<>"")*IF($B$2="Vše",1,'Posouzení SKLAD'!AX6:AX205=MATCH($B$2,{"Leden","Únor","Březen","Duben","Květen","Červen","Červenec","Srpen","Září","Říjen","Listopad","Prosinec"},0))*IF($B$3="Vše",1,'Posouzení SKLAD'!AY6:AY205=VALUE($B$3))) -> 0 | D27: =IF(C38>0,C27/C38,0) -> 0 | E27: =SUM($D$7:D27) -> 0.65949821 | F27: =IFERROR(RANK(C27,C$7:C$37,0),"") -> 18 | I27: 21 | J27: =IFERROR(INDEX(A7:A37,MATCH(LARGE(O7:O37,21),O7:O37,0)),"–") -> PKOL | K27: =IFERROR(INDEX(B7:B37,MATCH(LARGE(O7:O37,21),O7:O37,0)),"–") -> Kontaminace lepidlem | L27: =IFERROR(INDEX(C7:C37,MATCH(LARGE(O7:O37,21),O7:O37,0)),0) -> 0 | M27: =IFERROR(L27/C38,0) -> 0 | N27: =SUM($M$7:M27) -> 1 | O27: =C27+(1-ROW()*0.00001) -> 0.99973
A28: FLEK | B28: Flek | C28: =SUMPRODUCT(('Posouzení SKLAD'!AF6:AF205<>"")*('Posouzení SKLAD'!A6:A205<>"")*IF($B$2="Vše",1,'Posouzení SKLAD'!AX6:AX205=MATCH($B$2,{"Leden","Únor","Březen","Duben","Květen","Červen","Červenec","Srpen","Září","Říjen","Listopad","Prosinec"},0))*IF($B$3="Vše",1,'Posouzení SKLAD'!AY6:AY205=VALUE($B$3))) -> 3 | D28: =IF(C38>0,C28/C38,0) -> 0.0053763441 | E28: =SUM($D$7:D28) -> 0.66487455 | F28: =IFERROR(RANK(C28,C$7:C$37,0),"") -> 15 | I28: 22 | J28: =IFERROR(INDEX(A7:A37,MATCH(LARGE(O7:O37,22),O7:O37,0)),"–") -> PELC | K28: =IFERROR(INDEX(B7:B37,MATCH(LARGE(O7:O37,22),O7:O37,0)),"–") -> Expirované lepidlo na MC | L28: =IFERROR(INDEX(C7:C37,MATCH(LARGE(O7:O37,22),O7:O37,0)),0) -> 0 | M28: =IFERROR(L28/C38,0) -> 0 | N28: =SUM($M$7:M28) -> 1 | O28: =C28+(1-ROW()*0.00001) -> 3.99972
A29: PSPC | B29: Špatný spacer | C29: =SUMPRODUCT(('Posouzení SKLAD'!AH6:AH205<>"")*('Posouzení SKLAD'!A6:A205<>"")*IF($B$2="Vše",1,'Posouzení SKLAD'!AX6:AX205=MATCH($B$2,{"Leden","Únor","Březen","Duben","Květen","Červen","Červenec","Srpen","Září","Říjen","Listopad","Prosinec"},0))*IF($B$3="Vše",1,'Posouzení SKLAD'!AY6:AY205=VALUE($B$3))) -> 0 | D29: =IF(C38>0,C29/C38,0) -> 0 | E29: =SUM($D$7:D29) -> 0.66487455 | F29: =IFERROR(RANK(C29,C$7:C$37,0),"") -> 18 | I29: 23 | J29: =IFERROR(INDEX(A7:A37,MATCH(LARGE(O7:O37,23),O7:O37,0)),"–") -> PNHE | K29: =IFERROR(INDEX(B7:B37,MATCH(LARGE(O7:O37,23),O7:O37,0)),"–") -> Nefunkční heating | L29: =IFERROR(INDEX(C7:C37,MATCH(LARGE(O7:O37,23),O7:O37,0)),0) -> 0 | M29: =IFERROR(L29/C38,0) -> 0 | N29: =SUM($M$7:M29) -> 1 | O29: =C29+(1-ROW()*0.00001) -> 0.99971
A30: PSKZ | B30: Špatná kůže | C30: =SUMPRODUCT(('Posouzení SKLAD'!AI6:AI205<>"")*('Posouzení SKLAD'!A6:A205<>"")*IF($B$2="Vše",1,'Posouzení SKLAD'!AX6:AX205=MATCH($B$2,{"Leden","Únor","Březen","Duben","Květen","Červen","Červenec","Srpen","Září","Říjen","Listopad","Prosinec"},0))*IF($B$3="Vše",1,'Posouzení SKLAD'!AY6:AY205=VALUE($B$3))) -> 1 | D30: =IF(C38>0,C30/C38,0) -> 0.0017921147 | E30: =SUM($D$7:D30) -> 0.66666667 | F30: =IFERROR(RANK(C30,C$7:C$37,0),"") -> 17 | I30: 24 | J30: =IFERROR(INDEX(A7:A37,MATCH(LARGE(O7:O37,24),O7:O37,0)),"–") -> DEL | K30: =IFERROR(INDEX(B7:B37,MATCH(LARGE(O7:O37,24),O7:O37,0)),"–") -> Delaminace (hrany) | L30: =IFERROR(INDEX(C7:C37,MATCH(LARGE(O7:O37,24),O7:O37,0)),0) -> 0 | M30: =IFERROR(L30/C38,0) -> 0 | N30: =SUM($M$7:M30) -> 1 | O30: =C30+(1-ROW()*0.00001) -> 1.9997
A31: PSHC | B31: Špatný heating spacer | C31: =SUMPRODUCT(('Posouzení SKLAD'!AJ6:AJ205<>"")*('Posouzení SKLAD'!A6:A205<>"")*IF($B$2="Vše",1,'Posouzení SKLAD'!AX6:AX205=MATCH($B$2,{"Leden","Únor","Březen","Duben","Květen","Červen","Červenec","Srpen","Září","Říjen","Listopad","Prosinec"},0))*IF($B$3="Vše",1,'Posouzení SKLAD'!AY6:AY205=VALUE($B$3))) -> 0 | D31: =IF(C38>0,C31/C38,0) -> 0 | E31: =SUM($D$7:D31) -> 0.66666667 | F31: =IFERROR(RANK(C31,C$7:C$37,0),"") -> 18 | I31: 25 | J31: =IFERROR(INDEX(A7:A37,MATCH(LARGE(O7:O37,25),O7:O37,0)),"–") -> PDEL | K31: =IFERROR(INDEX(B7:B37,MATCH(LARGE(O7:O37,25),O7:O37,0)),"–") -> Delaminace (plochy) | L31: =IFERROR(INDEX(C7:C37,MATCH(LARGE(O7:O37,25),O7:O37,0)),0) -> 0 | M31: =IFERROR(L31/C38,0) -> 0 | N31: =SUM($M$7:M31) -> 1 | O31: =C31+(1-ROW()*0.00001) -> 0.99969
A32: PSMC | B32: Špatný plastový MC | C32: =SUMPRODUCT(('Posouzení SKLAD'!AK6:AK205<>"")*('Posouzení SKLAD'!A6:A205<>"")*IF($B$2="Vše",1,'Posouzení SKLAD'!AX6:AX205=MATCH($B$2,{"Leden","Únor","Březen","Duben","Květen","Červen","Červenec","Srpen","Září","Říjen","Listopad","Prosinec"},0))*IF($B$3="Vše",1,'Posouzení SKLAD'!AY6:AY205=VALUE($B$3))) -> 0 | D32: =IF(C38>0,C32/C38,0) -> 0 | E32: =SUM($D$7:D32) -> 0.66666667 | F32: =IFERROR(RANK(C32,C$7:C$37,0),"") -> 18 | I32: 26 | J32: =IFERROR(INDEX(A7:A37,MATCH(LARGE(O7:O37,26),O7:O37,0)),"–") -> ZHN | K32: =IFERROR(INDEX(B7:B37,MATCH(LARGE(O7:O37,26),O7:O37,0)),"–") -> Zahranění NOK | L32: =IFERROR(INDEX(C7:C37,MATCH(LARGE(O7:O37,26),O7:O37,0)),0) -> 0 | M32: =IFERROR(L32/C38,0) -> 0 | N32: =SUM($M$7:M32) -> 1 | O32: =C32+(1-ROW()*0.00001) -> 0.99968
A33: PELS | B33: Expirované lepidlo na spaceru | C33: =SUMPRODUCT(('Posouzení SKLAD'!AM6:AM205<>"")*('Posouzení SKLAD'!A6:A205<>"")*IF($B$2="Vše",1,'Posouzení SKLAD'!AX6:AX205=MATCH($B$2,{"Leden","Únor","Březen","Duben","Květen","Červen","Červenec","Srpen","Září","Říjen","Listopad","Prosinec"},0))*IF($B$3="Vše",1,'Posouzení SKLAD'!AY6:AY205=VALUE($B$3))) -> 0 | D33: =IF(C38>0,C33/C38,0) -> 0 | E33: =SUM($D$7:D33) -> 0.66666667 | F33: =IFERROR(RANK(C33,C$7:C$37,0),"") -> 18 | I33: 27 | J33: =IFERROR(INDEX(A7:A37,MATCH(LARGE(O7:O37,27),O7:O37,0)),"–") -> PSPC | K33: =IFERROR(INDEX(B7:B37,MATCH(LARGE(O7:O37,27),O7:O37,0)),"–") -> Špatný spacer | L33: =IFERROR(INDEX(C7:C37,MATCH(LARGE(O7:O37,27),O7:O37,0)),0) -> 0 | M33: =IFERROR(L33/C38,0) -> 0 | N33: =SUM($M$7:M33) -> 1 | O33: =C33+(1-ROW()*0.00001) -> 0.99967
A34: PSGL | B34: Špatná gramáž lepidla | C34: =SUMPRODUCT(('Posouzení SKLAD'!AO6:AO205<>"")*('Posouzení SKLAD'!A6:A205<>"")*IF($B$2="Vše",1,'Posouzení SKLAD'!AX6:AX205=MATCH($B$2,{"Leden","Únor","Březen","Duben","Květen","Červen","Červenec","Srpen","Září","Říjen","Listopad","Prosinec"},0))*IF($B$3="Vše",1,'Posouzení SKLAD'!AY6:AY205=VALUE($B$3))) -> 0 | D34: =IF(C38>0,C34/C38,0) -> 0 | E34: =SUM($D$7:D34) -> 0.66666667 | F34: =IFERROR(RANK(C34,C$7:C$37,0),"") -> 18 | I34: 28 | J34: =IFERROR(INDEX(A7:A37,MATCH(LARGE(O7:O37,28),O7:O37,0)),"–") -> PSHC | K34: =IFERROR(INDEX(B7:B37,MATCH(LARGE(O7:O37,28),O7:O37,0)),"–") -> Špatný heating spacer | L34: =IFERROR(INDEX(C7:C37,MATCH(LARGE(O7:O37,28),O7:O37,0)),0) -> 0 | M34: =IFERROR(L34/C38,0) -> 0 | N34: =SUM($M$7:M34) -> 1 | O34: =C34+(1-ROW()*0.00001) -> 0.99966
A35: KRSW | B35: Kragujevac - sewing | C35: =SUMPRODUCT(('Posouzení SKLAD'!AU6:AU205<>"")*('Posouzení SKLAD'!A6:A205<>"")*IF($B$2="Vše",1,'Posouzení SKLAD'!AX6:AX205=MATCH($B$2,{"Leden","Únor","Březen","Duben","Květen","Červen","Červenec","Srpen","Září","Říjen","Listopad","Prosinec"},0))*IF($B$3="Vše",1,'Posouzení SKLAD'!AY6:AY205=VALUE($B$3))) -> 28 | D35: =IF(C38>0,C35/C38,0) -> 0.050179211 | E35: =SUM($D$7:D35) -> 0.71684588 | F35: =IFERROR(RANK(C35,C$7:C$37,0),"") -> 8 | I35: 29 | J35: =IFERROR(INDEX(A7:A37,MATCH(LARGE(O7:O37,29),O7:O37,0)),"–") -> PSMC | K35: =IFERROR(INDEX(B7:B37,MATCH(LARGE(O7:O37,29),O7:O37,0)),"–") -> Špatný plastový MC | L35: =IFERROR(INDEX(C7:C37,MATCH(LARGE(O7:O37,29),O7:O37,0)),0) -> 0 | M35: =IFERROR(L35/C38,0) -> 0 | N35: =SUM($M$7:M35) -> 1 | O35: =C35+(1-ROW()*0.00001) -> 28.99965
A36: KRSK | B36: Kragujevac - skin defect | C36: =SUMPRODUCT(('Posouzení SKLAD'!AV6:AV205<>"")*('Posouzení SKLAD'!A6:A205<>"")*IF($B$2="Vše",1,'Posouzení SKLAD'!AX6:AX205=MATCH($B$2,{"Leden","Únor","Březen","Duben","Květen","Červen","Červenec","Srpen","Září","Říjen","Listopad","Prosinec"},0))*IF($B$3="Vše",1,'Posouzení SKLAD'!AY6:AY205=VALUE($B$3))) -> 129 | D36: =IF(C38>0,C36/C38,0) -> 0.2311828 | E36: =SUM($D$7:D36) -> 0.94802867 | F36: =IFERROR(RANK(C36,C$7:C$37,0),"") -> 1 | I36: 30 | J36: =IFERROR(INDEX(A7:A37,MATCH(LARGE(O7:O37,30),O7:O37,0)),"–") -> PELS | K36: =IFERROR(INDEX(B7:B37,MATCH(LARGE(O7:O37,30),O7:O37,0)),"–") -> Expirované lepidlo na spaceru | L36: =IFERROR(INDEX(C7:C37,MATCH(LARGE(O7:O37,30),O7:O37,0)),0) -> 0 | M36: =IFERROR(L36/C38,0) -> 0 | N36: =SUM($M$7:M36) -> 1 | O36: =C36+(1-ROW()*0.00001) -> 129.99964
A37: KRSS | B37: Kragujevac - short skin | C37: =SUMPRODUCT(('Posouzení SKLAD'!AW6:AW205<>"")*('Posouzení SKLAD'!A6:A205<>"")*IF($B$2="Vše",1,'Posouzení SKLAD'!AX6:AX205=MATCH($B$2,{"Leden","Únor","Březen","Duben","Květen","Červen","Červenec","Srpen","Září","Říjen","Listopad","Prosinec"},0))*IF($B$3="Vše",1,'Posouzení SKLAD'!AY6:AY205=VALUE($B$3))) -> 29 | D37: =IF(C38>0,C37/C38,0) -> 0.051971326 | E37: =SUM($D$7:D37) -> 1 | F37: =IFERROR(RANK(C37,C$7:C$37,0),"") -> 7 | I37: 31 | J37: =IFERROR(INDEX(A7:A37,MATCH(LARGE(O7:O37,31),O7:O37,0)),"–") -> PSGL | K37: =IFERROR(INDEX(B7:B37,MATCH(LARGE(O7:O37,31),O7:O37,0)),"–") -> Špatná gramáž lepidla | L37: =IFERROR(INDEX(C7:C37,MATCH(LARGE(O7:O37,31),O7:O37,0)),0) -> 0 | M37: =IFERROR(L37/C38,0) -> 0 | N37: =SUM($M$7:M37) -> 1 | O37: =C37+(1-ROW()*0.00001) -> 29.99963
A38: CELKEM | C38: =SUM(C7:C37) -> 558 | L38: =SUM(L7:L37) -> 558
